Category Head,Hierarchy 2,Hierarchy 3,Strategic Pillar,Part Code,Product Name,MSP Rashi,MSP Supertron,MRP Rashi,MRP Supertron,Rashi Available,Supertron Available,GTM Matrix,Warranty,Remarks,Key Features,Short Description,Long Description,Final Price,Price Source,Lowest Online,Price Notes,Image
PW & Music,Tablet Keyboards Group,Tablet Keyboards Type,Mobility,920-012767,Logitech Combo Touch iPad Pro 11-inch (M4) - GRAPHITE - US - AMR+AP-425,13587,NA,24295,NA,YES,NO,Dual,1 Year,-,Comfortable typing | Durable keys | Wireless connectivity | Long battery life | Multi-device support | Quiet operation,Logitech Combo Touch iPad Pro 11-inch (M4) AMR+AP - Premium Logitech keyboard designed for comfort and performance.,"The Logitech Combo Touch iPad Pro 11-inch (M4) AMR+AP is a high-quality keyboard from Logitech, built with precision engineering and user comfort in mind. Whether you're working from home, in the office, or gaming, this keyboard delivers exceptional performance and reliability. Features include advanced connectivity options, durable construction, and the trusted quality that Logitech is known for. Perfect for professionals and enthusiasts alike who demand the best from their peripherals.",19495,Amazon,20495,Undercut,https://res.cloudinary.com/dvleiqhbw/image/upload/v1767794366/Logitech/Products/Logitech_Combo_Touch_iPad_Pro_11-inch_M4_-_GRAPHITE_-_US_-_AMR_AP-425.webp
PW & Music,Tablet Keyboards Group,Tablet Keyboards Type,Mobility,920-012609,Logitech Combo Touch for iPad Air 13-inch (M2) - OXFORD GREY - US - AMR+AP-425,13587,NA,24295,NA,YES,NO,Dual,1 Year,-,Comfortable typing | Durable keys | Wireless connectivity | Long battery life | Multi-device support | Quiet operation,Logitech Combo Touch for iPad Air 13-inch (M2) AMR+AP - Premium Logitech keyboard designed for comfort and performance.,"The Logitech Combo Touch for iPad Air 13-inch (M2) AMR+AP is a high-quality keyboard from Logitech, built with precision engineering and user comfort in mind. Whether you're working from home, in the office, or gaming, this keyboard delivers exceptional performance and reliability. Features include advanced connectivity options, durable construction, and the trusted quality that Logitech is known for. Perfect for professionals and enthusiasts alike who demand the best from their peripherals.",19495,Amazon,20495,Undercut,https://res.cloudinary.com/dvleiqhbw/image/upload/v1767794363/Logitech/Products/Logitech_Combo_Touch_for_iPad_Air_13-inch_M2_-_OXFORD_GREY_-_US_-_AMR_AP-425.webp
PW & Music,Tablet Keyboards Group,Tablet Keyboards Type,Mobility,920-012627,Logitech Combo Touch iPad Air 11-inch (M2) - OXFORD GREY - US - AMR+AP-425,11962,NA,20595,NA,YES,NO,Dual,1 Year,-,Comfortable typing | Durable keys | Wireless connectivity | Long battery life | Multi-device support | Quiet operation,Logitech Combo Touch iPad Air 11-inch (M2) AMR+AP - Premium Logitech keyboard designed for comfort and performance.,"The Logitech Combo Touch iPad Air 11-inch (M2) AMR+AP is a high-quality keyboard from Logitech, built with precision engineering and user comfort in mind. Whether you're working from home, in the office, or gaming, this keyboard delivers exceptional performance and reliability. Features include advanced connectivity options, durable construction, and the trusted quality that Logitech is known for. Perfect for professionals and enthusiasts alike who demand the best from their peripherals.",12201,MSP+2%,8090,MSP too high to undercut,https://res.cloudinary.com/dvleiqhbw/image/upload/v1767794365/Logitech/Products/Logitech_Combo_Touch_iPad_Air_11-inch_M2_-_OXFORD_GREY_-_US_-_AMR_AP-425.webp
PW & Music,Tablet Keyboards Group,Tablet Keyboards Type,Mobility,920-011371,Combo Touch for iPad (10th gen) - OXFORD GREY - US - AMR-403,9328,NA,16495,NA,YES,NO,Dual,1 Year,-,Comfortable typing | Durable keys | Wireless connectivity | Long battery life | Multi-device support | Quiet operation,Combo Touch for iPad (10th gen) AMR - Premium Logitech keyboard designed for comfort and performance.,"The Combo Touch for iPad (10th gen) AMR is a high-quality keyboard from Logitech, built with precision engineering and user comfort in mind. Whether you're working from home, in the office, or gaming, this keyboard delivers exceptional performance and reliability. Features include advanced connectivity options, durable construction, and the trusted quality that Logitech is known for. Perfect for professionals and enthusiasts alike who demand the best from their peripherals.",9515,MSP+2%,2990,MSP too high to undercut,https://res.cloudinary.com/dvleiqhbw/image/upload/v1767794305/Logitech/Products/Combo_Touch_for_iPad_10th_gen_-_OXFORD_GREY_-_US_-_AMR-403.webp
PW & Music,Tablet Keyboards Group,Tablet Keyboards Type,Mobility,920-011422,Slim Folio for iPad (10th gen) - GREY - US - APANZ-122,5557,NA,8995,NA,YES,NO,Dual,1 Year,-,Comfortable typing | Durable keys | Wireless connectivity | Long battery life | Multi-device support | Quiet operation,Slim Folio for iPad (10th gen) APANZ - Premium Logitech keyboard designed for comfort and performance.,"The Slim Folio for iPad (10th gen) APANZ is a high-quality keyboard from Logitech, built with precision engineering and user comfort in mind. Whether you're working from home, in the office, or gaming, this keyboard delivers exceptional performance and reliability. Features include advanced connectivity options, durable construction, and the trusted quality that Logitech is known for. Perfect for professionals and enthusiasts alike who demand the best from their peripherals.",7990,Amazon,8490,Undercut,https://res.cloudinary.com/dvleiqhbw/image/upload/v1767794506/Logitech/Products/Slim_Folio_for_iPad_10th_gen_-_GREY_-_US_-_APANZ-122.webp
PW & Music,Tablet Keyboards Group,Tablet Keyboards Type,Mobility,920-012916,Keys-To-Go 2 - GRAPHITE - US - AMR+AP-425,4962,NA,8795,NA,YES,NO,Online & Brand Store,1 Year,Revised in (Q1'FY26),Comfortable typing | Durable keys | Wireless connectivity | Long battery life | Multi-device support | Quiet operation,Keys-To-Go 2 AMR+AP - Premium Logitech keyboard designed for comfort and performance.,"The Keys-To-Go 2 AMR+AP is a high-quality keyboard from Logitech, built with precision engineering and user comfort in mind. Whether you're working from home, in the office, or gaming, this keyboard delivers exceptional performance and reliability. Features include advanced connectivity options, durable construction, and the trusted quality that Logitech is known for. Perfect for professionals and enthusiasts alike who demand the best from their peripherals.",5871,Amazon,6371,Undercut,https://res.cloudinary.com/dvleiqhbw/image/upload/v1767794345/Logitech/Products/Keys-To-Go_2_-_GRAPHITE_-_US_-_AMR_AP-425.webp
PW & Music,Tablet Keyboards Group,Tablet Keyboards Type,Mobility,920-012962,Keys-To-Go 2 - PALE GREY - US - AMR+AP-425,4962,NA,8795,NA,YES,NO,Online & Brand Store,1 Year,Revised in (Q1'FY26),Comfortable typing | Durable keys | Wireless connectivity | Long battery life | Multi-device support | Quiet operation,Keys-To-Go 2 AMR+AP - Premium Logitech keyboard designed for comfort and performance.,"The Keys-To-Go 2 AMR+AP is a high-quality keyboard from Logitech, built with precision engineering and user comfort in mind. Whether you're working from home, in the office, or gaming, this keyboard delivers exceptional performance and reliability. Features include advanced connectivity options, durable construction, and the trusted quality that Logitech is known for. Perfect for professionals and enthusiasts alike who demand the best from their peripherals.",5871,Amazon,6371,Undercut,https://res.cloudinary.com/dvleiqhbw/image/upload/v1767794348/Logitech/Products/Keys-To-Go_2_-_PALE_GREY_-_US_-_AMR_AP-425.webp
PW & Music,Tablet Keyboards Group,Tablet Keyboards Type,Mobility,920-012963,Keys-To-Go 2 - LILAC - US - AMR+AP-425,4962,NA,8795,NA,YES,NO,Online & Brand Store,1 Year,Revised in (Q1'FY26),Comfortable typing | Durable keys | Wireless connectivity | Long battery life | Multi-device support | Quiet operation,Keys-To-Go 2 AMR+AP - Premium Logitech keyboard designed for comfort and performance.,"The Keys-To-Go 2 AMR+AP is a high-quality keyboard from Logitech, built with precision engineering and user comfort in mind. Whether you're working from home, in the office, or gaming, this keyboard delivers exceptional performance and reliability. Features include advanced connectivity options, durable construction, and the trusted quality that Logitech is known for. Perfect for professionals and enthusiasts alike who demand the best from their peripherals.",5871,Amazon,6371,Undercut,https://res.cloudinary.com/dvleiqhbw/image/upload/v1767794347/Logitech/Products/Keys-To-Go_2_-_LILAC_-_US_-_AMR_AP-425.webp
PW & Music,Pc Keyboards & Combos Group,Cordless Keyboards Type,Ergo,920-012281,Wave Keys wireless ergonomic keyboard - GRAPHITE - US - LATA+AP-340,3870,NA,6995,NA,YES,NO,Dual,1 Year,-,Comfortable typing | Durable keys | Wireless connectivity | Long battery life | Multi-device support | Quiet operation,Wave Keys wireless ergonomic keyboard LATA+AP - Premium Logitech keyboard designed for comfort and performance.,"The Wave Keys wireless ergonomic keyboard LATA+AP is a high-quality keyboard from Logitech, built with precision engineering and user comfort in mind. Whether you're working from home, in the office, or gaming, this keyboard delivers exceptional performance and reliability. Features include advanced connectivity options, durable construction, and the trusted quality that Logitech is known for. Perfect for professionals and enthusiasts alike who demand the best from their peripherals.",3947,MSP+2%,2999,MSP too high to undercut,https://res.cloudinary.com/dvleiqhbw/image/upload/v1767794510/Logitech/Products/Wave_Keys_wireless_ergonomic_keyboard_-_GRAPHITE_-_US_-_LATA_AP-340.webp
PW & Music,Pc Keyboards & Combos Group,Cordless Keyboards Type,Ergo,920-012282,Wave Keys wireless ergonomic keyboard - OFFWHITE - US - LATA+AP-340,3870,NA,6995,NA,YES,NO,Dual,1 Year,-,Comfortable typing | Durable keys | Wireless connectivity | Long battery life | Multi-device support | Quiet operation,Wave Keys wireless ergonomic keyboard - OFFWHITE LATA+AP - Premium Logitech keyboard designed for comfort and performance.,"The Wave Keys wireless ergonomic keyboard - OFFWHITE LATA+AP is a high-quality keyboard from Logitech, built with precision engineering and user comfort in mind. Whether you're working from home, in the office, or gaming, this keyboard delivers exceptional performance and reliability. Features include advanced connectivity options, durable construction, and the trusted quality that Logitech is known for. Perfect for professionals and enthusiasts alike who demand the best from their peripherals.",4995,Amazon,5495,Undercut,https://res.cloudinary.com/dvleiqhbw/image/upload/v1767794511/Logitech/Products/Wave_Keys_wireless_ergonomic_keyboard_-_OFFWHITE_-_US_-_LATA_AP-340.webp
PW & Music,Pc Keyboards & Combos Group,Cordless Keyboards Type,Lifestyle,920-013084,POP ICON KEYS - OFF WHITE - US - APANZ-122,3473,3473,6695,6695,YES,YES,LFR,1 Year,Revised in (Q1'FY26),Comfortable typing | Durable keys | Wireless connectivity | Long battery life | Multi-device support | Quiet operation,POP ICON KEYS - OFF WHITE APANZ - Premium Logitech keyboard designed for comfort and performance.,"The POP ICON KEYS - OFF WHITE APANZ is a high-quality keyboard from Logitech, built with precision engineering and user comfort in mind. Whether you're working from home, in the office, or gaming, this keyboard delivers exceptional performance and reliability. Features include advanced connectivity options, durable construction, and the trusted quality that Logitech is known for. Perfect for professionals and enthusiasts alike who demand the best from their peripherals.",6495,Amazon,6995,Undercut,https://res.cloudinary.com/dvleiqhbw/image/upload/v1767794480/Logitech/Products/POP_ICON_KEYS_-_OFF_WHITE_-_US_-_APANZ-122.webp
PW & Music,Pc Keyboards & Combos Group,Cordless Keyboards Type,Lifestyle,920-013083,POP ICON KEYS - GRAPHITE - US - APANZ-122,3473,3473,6695,6695,YES,YES,LFR,1 Year,Revised in (Q1'FY26),Comfortable typing | Durable keys | Wireless connectivity | Long battery life | Multi-device support | Quiet operation,POP ICON KEYS APANZ - Premium Logitech keyboard designed for comfort and performance.,"The POP ICON KEYS APANZ is a high-quality keyboard from Logitech, built with precision engineering and user comfort in mind. Whether you're working from home, in the office, or gaming, this keyboard delivers exceptional performance and reliability. Features include advanced connectivity options, durable construction, and the trusted quality that Logitech is known for. Perfect for professionals and enthusiasts alike who demand the best from their peripherals.",6495,Amazon,6995,Undercut,https://res.cloudinary.com/dvleiqhbw/image/upload/v1767794479/Logitech/Products/POP_ICON_KEYS_-_GRAPHITE_-_US_-_APANZ-122.webp
PW & Music,Pc Keyboards & Combos Group,Cordless Keyboards Type,Lifestyle,920-009210,Slim Multi-Device Wireless Keyboard K580 - GRAPHITE - US - APANZ-122,2751,NA,5095,NA,YES,NO,Dual,1 Year,-,Comfortable typing | Durable keys | Wireless connectivity | Long battery life | Multi-device support | Quiet operation,Slim Multi-Device Wireless Keyboard K580 APANZ - Premium Logitech keyboard designed for comfort and performance.,"The Slim Multi-Device Wireless Keyboard K580 APANZ is a high-quality keyboard from Logitech, built with precision engineering and user comfort in mind. Whether you're working from home, in the office, or gaming, this keyboard delivers exceptional performance and reliability. Features include advanced connectivity options, durable construction, and the trusted quality that Logitech is known for. Perfect for professionals and enthusiasts alike who demand the best from their peripherals.",2801,Amazon,2999,Undercut,https://res.cloudinary.com/dvleiqhbw/image/upload/v1767794507/Logitech/Products/Slim_Multi-Device_Wireless_Keyboard_K580_-_GRAPHITE_-_US_-_APANZ-122.webp
PW & Music,Pc Keyboards & Combos Group,Cordless Keyboards Type,Lifestyle,920-009211,Slim Multi-Device Wireless Keyboard K580 - OFFWHITE - US - APANZ-122,2751,NA,5095,NA,YES,NO,Dual,1 Year,-,Comfortable typing | Durable keys | Wireless connectivity | Long battery life | Multi-device support | Quiet operation,Slim Multi-Device Wireless Keyboard K580 - OFFWHITE APANZ - Premium Logitech keyboard designed for comfort and performance.,"The Slim Multi-Device Wireless Keyboard K580 - OFFWHITE APANZ is a high-quality keyboard from Logitech, built with precision engineering and user comfort in mind. Whether you're working from home, in the office, or gaming, this keyboard delivers exceptional performance and reliability. Features include advanced connectivity options, durable construction, and the trusted quality that Logitech is known for. Perfect for professionals and enthusiasts alike who demand the best from their peripherals.",2806,MSP+2%,1999,MSP too high to undercut,https://res.cloudinary.com/dvleiqhbw/image/upload/v1767794508/Logitech/Products/Slim_Multi-Device_Wireless_Keyboard_K580_-_OFFWHITE_-_US_-_APANZ-122.webp
PW & Music,Pc Keyboards & Combos Group,Cordless Keyboards Type,Lifestyle,920-011753,Pebble Keys 2 K380s - TONAL GRAPHITE - US - APANZ-122,2347,2347,4195,4195,YES,YES,Dual,1 Year,-,Comfortable typing | Durable keys | Wireless connectivity | Long battery life | Multi-device support | Quiet operation,Pebble Keys 2 K380s GRAPHITE APANZ - Premium Logitech keyboard designed for comfort and performance.,"The Pebble Keys 2 K380s GRAPHITE APANZ is a high-quality keyboard from Logitech, built with precision engineering and user comfort in mind. Whether you're working from home, in the office, or gaming, this keyboard delivers exceptional performance and reliability. Features include advanced connectivity options, durable construction, and the trusted quality that Logitech is known for. Perfect for professionals and enthusiasts alike who demand the best from their peripherals.",2795,Amazon,2995,Undercut,https://res.cloudinary.com/dvleiqhbw/image/upload/v1767794494/Logitech/Products/Pebble_Keys_2_K380s_-_TONAL_GRAPHITE_-_US_-_APANZ-122.webp
PW & Music,Pc Keyboards & Combos Group,Cordless Keyboards Type,Lifestyle,920-011754,Pebble Keys 2 K380s - TONAL WHITE - US - APANZ-122,2347,2347,4195,4195,YES,YES,Dual,1 Year,-,Comfortable typing | Durable keys | Wireless connectivity | Long battery life | Multi-device support | Quiet operation,Pebble Keys 2 K380s WHITE APANZ - Premium Logitech keyboard designed for comfort and performance.,"The Pebble Keys 2 K380s WHITE APANZ is a high-quality keyboard from Logitech, built with precision engineering and user comfort in mind. Whether you're working from home, in the office, or gaming, this keyboard delivers exceptional performance and reliability. Features include advanced connectivity options, durable construction, and the trusted quality that Logitech is known for. Perfect for professionals and enthusiasts alike who demand the best from their peripherals.",2795,Amazon,2995,Undercut,https://res.cloudinary.com/dvleiqhbw/image/upload/v1767794497/Logitech/Products/Pebble_Keys_2_K380s_-_TONAL_WHITE_-_US_-_APANZ-122.webp
PW & Music,Pc Keyboards & Combos Group,Cordless Keyboards Type,Lifestyle,920-011755,Pebble Keys 2 K380s - TONAL ROSE - US - APANZ-122,2347,2347,4195,4195,YES,YES,Dual,1 Year,-,Comfortable typing | Durable keys | Wireless connectivity | Long battery life | Multi-device support | Quiet operation,Pebble Keys 2 K380s ROSE APANZ - Premium Logitech keyboard designed for comfort and performance.,"The Pebble Keys 2 K380s ROSE APANZ is a high-quality keyboard from Logitech, built with precision engineering and user comfort in mind. Whether you're working from home, in the office, or gaming, this keyboard delivers exceptional performance and reliability. Features include advanced connectivity options, durable construction, and the trusted quality that Logitech is known for. Perfect for professionals and enthusiasts alike who demand the best from their peripherals.",2795,Amazon,2995,Undercut,https://res.cloudinary.com/dvleiqhbw/image/upload/v1767794496/Logitech/Products/Pebble_Keys_2_K380s_-_TONAL_ROSE_-_US_-_APANZ-122.webp
PW & Music,Pc Keyboards & Combos Group,Cordless Keyboards Type,Mainstream Upsell,920-010955,SIGNATURE K650 - GRAPHITE - US - APANZ-122,2977,2977,5195,5195,YES,YES,Dual,1 Year,-,Comfortable typing | Durable keys | Wireless connectivity | Long battery life | Multi-device support | Quiet operation,SIGNATURE K650 APANZ - Premium Logitech keyboard designed for comfort and performance.,"The SIGNATURE K650 APANZ is a high-quality keyboard from Logitech, built with precision engineering and user comfort in mind. Whether you're working from home, in the office, or gaming, this keyboard delivers exceptional performance and reliability. Features include advanced connectivity options, durable construction, and the trusted quality that Logitech is known for. Perfect for professionals and enthusiasts alike who demand the best from their peripherals.",4395,Amazon,4595,Undercut,https://res.cloudinary.com/dvleiqhbw/image/upload/v1767794503/Logitech/Products/SIGNATURE_K650_-_GRAPHITE_-_US_-_APANZ-122.webp
PW & Music,Pc Keyboards & Combos Group,Cordless Keyboards Type,Mainstream Upsell,920-010987,SIGNATURE K650 - OFFWHITE - US - APANZ-122,2977,2977,5195,5195,YES,YES,Dual,1 Year,-,Comfortable typing | Durable keys | Wireless connectivity | Long battery life | Multi-device support | Quiet operation,SIGNATURE K650 - OFFWHITE APANZ - Premium Logitech keyboard designed for comfort and performance.,"The SIGNATURE K650 - OFFWHITE APANZ is a high-quality keyboard from Logitech, built with precision engineering and user comfort in mind. Whether you're working from home, in the office, or gaming, this keyboard delivers exceptional performance and reliability. Features include advanced connectivity options, durable construction, and the trusted quality that Logitech is known for. Perfect for professionals and enthusiasts alike who demand the best from their peripherals.",4395,Amazon,4595,Undercut,https://res.cloudinary.com/dvleiqhbw/image/upload/v1767794504/Logitech/Products/SIGNATURE_K650_-_OFFWHITE_-_US_-_APANZ-122.webp
PW & Music,Pc Keyboards & Combos Group,Cordless Keyboards Type,Mainstream Upsell,920-012443,SIGNATURE SLIM WIRELESS KEYBOARD K950 - GRAPHITE - US - APANZ-122,5359,NA,10920,NA,YES,NO,Offline,1 Year,-,Comfortable typing | Durable keys | Wireless connectivity | Long battery life | Multi-device support | Quiet operation,SIGNATURE SLIM WIRELESS KEYBOARD K950 APANZ - Premium Logitech keyboard designed for comfort and performance.,"The SIGNATURE SLIM WIRELESS KEYBOARD K950 APANZ is a high-quality keyboard from Logitech, built with precision engineering and user comfort in mind. Whether you're working from home, in the office, or gaming, this keyboard delivers exceptional performance and reliability. Features include advanced connectivity options, durable construction, and the trusted quality that Logitech is known for. Perfect for professionals and enthusiasts alike who demand the best from their peripherals.",5466,MSP+2%,1101,MSP too high to undercut,https://res.cloudinary.com/dvleiqhbw/image/upload/v1767794505/Logitech/Products/SIGNATURE_SLIM_WIRELESS_KEYBOARD_K950_-_GRAPHITE_-_US_-_APANZ-122.webp
PW & Music,Pc Keyboards & Combos Group,Cordless Keyboards Type,MX,920-010761,Logitech MX Mechanical Wireless Illuminated Performance Keyboard - GRAPHITE - US - LAT-272,9923,9923,21995,21995,YES,YES,Dual,1 Year,-,Comfortable typing | Durable keys | Wireless connectivity | Long battery life | Multi-device support | Quiet operation,Logitech MX Mechanical Wireless Illuminated Performance Keyboard LAT - Premium Logitech keyboard designed for comfort and performance.,"The Logitech MX Mechanical Wireless Illuminated Performance Keyboard LAT is a high-quality keyboard from Logitech, built with precision engineering and user comfort in mind. Whether you're working from home, in the office, or gaming, this keyboard delivers exceptional performance and reliability. Features include advanced connectivity options, durable construction, and the trusted quality that Logitech is known for. Perfect for professionals and enthusiasts alike who demand the best from their peripherals.",10999,Amazon,11999,Undercut,https://res.cloudinary.com/dvleiqhbw/image/upload/v1767794410/Logitech/Products/Logitech_MX_Mechanical_Wireless_Illuminated_Performance_Keyboard_-_GRAPHITE_-_US_-_LAT-272.webp
PW & Music,Pc Keyboards & Combos Group,Cordless Keyboards Type,MX,920-010784,Logitech MX Mechanical Mini Minimalist Wireless Illuminated Keyboard - GRAPHITE - US - LAT-272,8931,8931,18695,18695,YES,YES,Dual,1 Year,-,Comfortable typing | Durable keys | Wireless connectivity | Long battery life | Multi-device support | Quiet operation,Logitech MX Mechanical Mini Minimalist Wireless Illuminated Keyboard LAT - Premium Logitech keyboard designed for comfort and performance.,"The Logitech MX Mechanical Mini Minimalist Wireless Illuminated Keyboard LAT is a high-quality keyboard from Logitech, built with precision engineering and user comfort in mind. Whether you're working from home, in the office, or gaming, this keyboard delivers exceptional performance and reliability. Features include advanced connectivity options, durable construction, and the trusted quality that Logitech is known for. Perfect for professionals and enthusiasts alike who demand the best from their peripherals.",9189,Amazon,9689,Undercut,https://res.cloudinary.com/dvleiqhbw/image/upload/v1767794407/Logitech/Products/Logitech_MX_Mechanical_Mini_Minimalist_Wireless_Illuminated_Keyboard_-_GRAPHITE_-_US_-_LAT-272.webp
PW & Music,Pc Keyboards & Combos Group,Cordless Keyboards Type,MX,920-010800,Logitech MX Mechanical Mini for Mac Minimalist Wireless Illuminated Keyboard - PALE GREY - US - LATA+AP-340,8931,8931,17495,21995,YES,YES,Dual,1 Year,-,Comfortable typing | Durable keys | Wireless connectivity | Long battery life | Multi-device support | Quiet operation,Logitech MX Mechanical Mini for Mac Minimalist Wireless Illuminated Keyboard LATA+AP - Premium Logitech keyboard designed for comfort and performance.,"The Logitech MX Mechanical Mini for Mac Minimalist Wireless Illuminated Keyboard LATA+AP is a high-quality keyboard from Logitech, built with precision engineering and user comfort in mind. Whether you're working from home, in the office, or gaming, this keyboard delivers exceptional performance and reliability. Features include advanced connectivity options, durable construction, and the trusted quality that Logitech is known for. Perfect for professionals and enthusiasts alike who demand the best from their peripherals.",11495,Amazon,12495,Undercut,https://res.cloudinary.com/dvleiqhbw/image/upload/v1767794409/Logitech/Products/Logitech_MX_Mechanical_Mini_for_Mac_Minimalist_Wireless_Illuminated_Keyboard_-_PALE_GREY_-_US_-_LATA_AP-340.webp
PW & Music,Pc Keyboards & Combos Group,Cordless Keyboards Type,MX,920-010505,MX Keys Mini Minimalist Wireless Illuminated Keyboard - GRAPHITE - US - LATA+AP-340,6966,6966,11995,11995,YES,YES,Dual,1 Year,-,Comfortable typing | Durable keys | Wireless connectivity | Long battery life | Multi-device support | Quiet operation,MX Keys Mini Minimalist Wireless Illuminated Keyboard LATA+AP - Premium Logitech keyboard designed for comfort and performance.,"The MX Keys Mini Minimalist Wireless Illuminated Keyboard LATA+AP is a high-quality keyboard from Logitech, built with precision engineering and user comfort in mind. Whether you're working from home, in the office, or gaming, this keyboard delivers exceptional performance and reliability. Features include advanced connectivity options, durable construction, and the trusted quality that Logitech is known for. Perfect for professionals and enthusiasts alike who demand the best from their peripherals.",7105,MSP+2%,739,MSP too high to undercut,https://res.cloudinary.com/dvleiqhbw/image/upload/v1767794472/Logitech/Products/MX_Keys_Mini_Minimalist_Wireless_Illuminated_Keyboard_-_GRAPHITE_-_US_-_LATA_AP-340.webp
PW & Music,Pc Keyboards & Combos Group,Cordless Keyboards Type,MX,920-010528,MX Keys Mini For Mac Minimalist Wireless Illuminated Keyboard - PALE GREY - US - LATA+AP-340,6966,6966,11995,11995,YES,YES,Dual,1 Year,-,Comfortable typing | Durable keys | Wireless connectivity | Long battery life | Multi-device support | Quiet operation,MX Keys Mini For Mac Minimalist Wireless Illuminated Keyboard LATA+AP - Premium Logitech keyboard designed for comfort and performance.,"The MX Keys Mini For Mac Minimalist Wireless Illuminated Keyboard LATA+AP is a high-quality keyboard from Logitech, built with precision engineering and user comfort in mind. Whether you're working from home, in the office, or gaming, this keyboard delivers exceptional performance and reliability. Features include advanced connectivity options, durable construction, and the trusted quality that Logitech is known for. Perfect for professionals and enthusiasts alike who demand the best from their peripherals.",7105,MSP+2%,739,MSP too high to undercut,https://res.cloudinary.com/dvleiqhbw/image/upload/v1767794470/Logitech/Products/MX_Keys_Mini_For_Mac_Minimalist_Wireless_Illuminated_Keyboard_-_PALE_GREY_-_US_-_LATA_AP-340.webp
PW & Music,Pc Keyboards & Combos Group,Cordless Keyboards Type,MX,920-010507,MX Keys Mini Minimalist Wireless Illuminated Keyboard - ROSE - US - LATA+AP-340,6966,6966,11995,11995,YES,YES,Dual,1 Year,-,Comfortable typing | Durable keys | Wireless connectivity | Long battery life | Multi-device support | Quiet operation,MX Keys Mini Minimalist Wireless Illuminated Keyboard LATA+AP - Premium Logitech keyboard designed for comfort and performance.,"The MX Keys Mini Minimalist Wireless Illuminated Keyboard LATA+AP is a high-quality keyboard from Logitech, built with precision engineering and user comfort in mind. Whether you're working from home, in the office, or gaming, this keyboard delivers exceptional performance and reliability. Features include advanced connectivity options, durable construction, and the trusted quality that Logitech is known for. Perfect for professionals and enthusiasts alike who demand the best from their peripherals.",7105,MSP+2%,1999,MSP too high to undercut,https://res.cloudinary.com/dvleiqhbw/image/upload/v1767794473/Logitech/Products/MX_Keys_Mini_Minimalist_Wireless_Illuminated_Keyboard_-_ROSE_-_US_-_LATA_AP-340.webp
PW & Music,Pc Keyboards & Combos Group,Cordless Keyboards Type,MX,920-011563,MX Keys S - GRAPHITE - US - LATA+AP-340,7542,7542,13295,13295,YES,YES,Dual,1 Year,-,Comfortable typing | Durable keys | Wireless connectivity | Long battery life | Multi-device support | Quiet operation,MX Keys S LATA+AP - Premium Logitech keyboard designed for comfort and performance.,"The MX Keys S LATA+AP is a high-quality keyboard from Logitech, built with precision engineering and user comfort in mind. Whether you're working from home, in the office, or gaming, this keyboard delivers exceptional performance and reliability. Features include advanced connectivity options, durable construction, and the trusted quality that Logitech is known for. Perfect for professionals and enthusiasts alike who demand the best from their peripherals.",10495,Amazon,11495,Undercut,https://res.cloudinary.com/dvleiqhbw/image/upload/v1767794475/Logitech/Products/MX_Keys_S_-_GRAPHITE_-_US_-_LATA_AP-340.webp
PW & Music,Pc Keyboards & Combos Group,Cordless Keyboards Type,MX,920-011564,MX Keys S - PALE GREY - US - LATA+AP-340,7542,7542,13295,13295,YES,YES,Dual,1 Year,-,Comfortable typing | Durable keys | Wireless connectivity | Long battery life | Multi-device support | Quiet operation,MX Keys S LATA+AP - Premium Logitech keyboard designed for comfort and performance.,"The MX Keys S LATA+AP is a high-quality keyboard from Logitech, built with precision engineering and user comfort in mind. Whether you're working from home, in the office, or gaming, this keyboard delivers exceptional performance and reliability. Features include advanced connectivity options, durable construction, and the trusted quality that Logitech is known for. Perfect for professionals and enthusiasts alike who demand the best from their peripherals.",10495,Amazon,11495,Undercut,https://res.cloudinary.com/dvleiqhbw/image/upload/v1767794476/Logitech/Products/MX_Keys_S_-_PALE_GREY_-_US_-_LATA_AP-340.webp
PW & Music,Pc Keyboards & Combos Group,Living Room Keyboards Type,Mainstream Upsell,920-007165,Logitech® Wireless Touch Keyboard K400 Plus - DARK - US - APANZ-122,2627,NA,4595,NA,YES,NO,Dual,1 Year,Revised in (Q1'FY26),Comfortable typing | Durable keys | Wireless connectivity | Long battery life | Multi-device support | Quiet operation,Logitech® Wireless Touch Keyboard K400 Plus - DARK APANZ - Premium Logitech keyboard designed for comfort and performance.,"The Logitech® Wireless Touch Keyboard K400 Plus - DARK APANZ is a high-quality keyboard from Logitech, built with precision engineering and user comfort in mind. Whether you're working from home, in the office, or gaming, this keyboard delivers exceptional performance and reliability. Features include advanced connectivity options, durable construction, and the trusted quality that Logitech is known for. Perfect for professionals and enthusiasts alike who demand the best from their peripherals.",4320,Amazon,4520,Undercut,
PW & Music,Tablet Keyboards Group,Tablet Keyboards Type,Mobility,920-012662,Logitech Combo Touch for iPad Pro 13-inch (M4) - GRAPHITE - US - AMR+AP-425,15581,NA,26995,NA,YES,NO,Dual,1 Year,-,Comfortable typing | Durable keys | Wireless connectivity | Long battery life | Multi-device support | Quiet operation,Logitech Combo Touch for iPad Pro 13-inch (M4) AMR+AP - Premium Logitech keyboard designed for comfort and performance.,"The Logitech Combo Touch for iPad Pro 13-inch (M4) AMR+AP is a high-quality keyboard from Logitech, built with precision engineering and user comfort in mind. Whether you're working from home, in the office, or gaming, this keyboard delivers exceptional performance and reliability. Features include advanced connectivity options, durable construction, and the trusted quality that Logitech is known for. Perfect for professionals and enthusiasts alike who demand the best from their peripherals.",28990,Amazon,29990,Undercut,https://res.cloudinary.com/dvleiqhbw/image/upload/v1767794364/Logitech/Products/Logitech_Combo_Touch_for_iPad_Pro_13-inch_M4_-_GRAPHITE_-_US_-_AMR_AP-425.webp
Gaming & S&C,Gaming Pc Group,Gaming Keyboard Type,Pro,920-009396,Logitech G PRO Mechanical Gaming Keyboard - BLACK - US - APANZ-122,6946,NA,12895,NA,YES,NO,Dual,2 Years,-,Comfortable typing | Durable keys | Wireless connectivity | Long battery life | Multi-device support | Quiet operation,Logitech G PRO Mechanical Gaming Keyboard APANZ - Premium Logitech keyboard designed for comfort and performance.,"The Logitech G PRO Mechanical Gaming Keyboard APANZ is a high-quality keyboard from Logitech, built with precision engineering and user comfort in mind. Whether you're working from home, in the office, or gaming, this keyboard delivers exceptional performance and reliability. Features include advanced connectivity options, durable construction, and the trusted quality that Logitech is known for. Perfect for professionals and enthusiasts alike who demand the best from their peripherals.",7085,MSP+2%,5299,MSP too high to undercut,https://res.cloudinary.com/dvleiqhbw/image/upload/v1767794373/Logitech/Products/Logitech_G_PRO_Mechanical_Gaming_Keyboard_-_BLACK_-_US_-_APANZ-122.webp
Gaming & S&C,Gaming Pc Group,Gaming Keyboard Type,Wired Core,920-012944,Logitech G915 X Low Profile Wired Gaming Keyboard - BLACK - US - APANZ-122,10618,NA,17995,NA,YES,NO,Dual,2 Years,-,Comfortable typing | Durable keys | Wireless connectivity | Long battery life | Multi-device support | Quiet operation,Logitech G915 X Low Profile Wired Gaming Keyboard APANZ - Premium Logitech keyboard designed for comfort and performance.,"The Logitech G915 X Low Profile Wired Gaming Keyboard APANZ is a high-quality keyboard from Logitech, built with precision engineering and user comfort in mind. Whether you're working from home, in the office, or gaming, this keyboard delivers exceptional performance and reliability. Features include advanced connectivity options, durable construction, and the trusted quality that Logitech is known for. Perfect for professionals and enthusiasts alike who demand the best from their peripherals.",18995,Amazon,19995,Undercut,https://res.cloudinary.com/dvleiqhbw/image/upload/v1767794385/Logitech/Products/Logitech_G915_X_Low_Profile_Wired_Gaming_Keyboard_-_BLACK_-_US_-_APANZ-122.webp
Gaming & S&C,Gaming Pc Group,Gaming Keyboard Type,Wired Core,920-012912,Logitech G515 TKL Wired Gaming Keyboard - BLACK - US - APANZ-122,6252,NA,9595,NA,YES,NO,Dual,2 Years,-,Comfortable typing | Durable keys | Wireless connectivity | Long battery life | Multi-device support | Quiet operation,Logitech G515 TKL Wired Gaming Keyboard APANZ - Premium Logitech keyboard designed for comfort and performance.,"The Logitech G515 TKL Wired Gaming Keyboard APANZ is a high-quality keyboard from Logitech, built with precision engineering and user comfort in mind. Whether you're working from home, in the office, or gaming, this keyboard delivers exceptional performance and reliability. Features include advanced connectivity options, durable construction, and the trusted quality that Logitech is known for. Perfect for professionals and enthusiasts alike who demand the best from their peripherals.",6377,MSP+2%,5299,MSP too high to undercut,https://res.cloudinary.com/dvleiqhbw/image/upload/v1767794383/Logitech/Products/Logitech_G515_TKL_Wired_Gaming_Keyboard_-_BLACK_-_US_-_APANZ-122.webp
Gaming & S&C,Gaming Pc Group,Gaming Keyboard Type,Wired Core,920-008949,"G512 Carbon RGB Mechanical Gaming Keyboard, GX Blue (Clicky) - CARBON - US - APANZ-122",5954,NA,10795,NA,YES,NO,Dual,2 Years,-,Comfortable typing | Durable keys | Wireless connectivity | Long battery life | Multi-device support | Quiet operation,"G512 Carbon RGB Mechanical Gaming Keyboard, GX Blue (Clicky) - CARBON APANZ - Premium Logitech keyboard designed for comfort and performance.","The G512 Carbon RGB Mechanical Gaming Keyboard, GX Blue (Clicky) - CARBON APANZ is a high-quality keyboard from Logitech, built with precision engineering and user comfort in mind. Whether you're working from home, in the office, or gaming, this keyboard delivers exceptional performance and reliability. Features include advanced connectivity options, durable construction, and the trusted quality that Logitech is known for. Perfect for professionals and enthusiasts alike who demand the best from their peripherals.",6073,MSP+2%,5299,MSP too high to undercut,https://res.cloudinary.com/dvleiqhbw/image/upload/v1767794329/Logitech/Products/G512_Carbon_RGB_Mechanical_Gaming_Keyboard_GX_Blue_Clicky_-_CARBON_-_US_-_APANZ-122.webp
Gaming & S&C,Gaming Pc Group,Gaming Keyboard Type,Wired Core,920-009354,Logitech G512 CARBON LIGHTSYNC RGB  Mechanical Gaming Keyboard with GX Brown switches - CARBON - US - APANZ-122,5954,NA,10795,NA,YES,NO,Dual,2 Years,-,Comfortable typing | Durable keys | Wireless connectivity | Long battery life | Multi-device support | Quiet operation,Logitech G512 CARBON LIGHTSYNC RGB Mechanical Gaming Keyboard with GX Brown switches - CARBON APANZ - Premium Logitech keyboard designed for comfort a,"The Logitech G512 CARBON LIGHTSYNC RGB Mechanical Gaming Keyboard with GX Brown switches - CARBON APANZ is a high-quality keyboard from Logitech, built with precision engineering and user comfort in mind. Whether you're working from home, in the office, or gaming, this keyboard delivers exceptional performance and reliability. Features include advanced connectivity options, durable construction, and the trusted quality that Logitech is known for. Perfect for professionals and enthusiasts alike who demand the best from their peripherals.",8495,Amazon,8995,Undercut,https://res.cloudinary.com/dvleiqhbw/image/upload/v1767794380/Logitech/Products/Logitech_G512_CARBON_LIGHTSYNC_RGB_Mechanical_Gaming_Keyboard_with_GX_Brown_switches_-_CARBON_-_US_-_APANZ-122.webp
Gaming & S&C,Gaming Pc Group,Gaming Keyboard Type,Wired Core,920-010859,"G413 SE - BLACK - US - USB - N/A - APANZ-122 - INDIA, TACTILE SWITCH",4148,NA,8395,NA,YES,NO,Dual,2 Years,-,Comfortable typing | Durable keys | Wireless connectivity | Long battery life | Multi-device support | Quiet operation,"G413 SE USB 122 IA, TACTILE SWITCH - Premium Logitech keyboard designed for comfort and performance.","The G413 SE USB 122 IA, TACTILE SWITCH is a high-quality keyboard from Logitech, built with precision engineering and user comfort in mind. Whether you're working from home, in the office, or gaming, this keyboard delivers exceptional performance and reliability. Features include advanced connectivity options, durable construction, and the trusted quality that Logitech is known for. Perfect for professionals and enthusiasts alike who demand the best from their peripherals.",5495,Amazon,5995,Undercut,https://res.cloudinary.com/dvleiqhbw/image/upload/v1767794315/Logitech/Products/G413_SE_-_BLACK_-_US_-_USB_-_N_A_-_APANZ-122_-_INDIA_TACTILE_SWITCH.webp
Gaming & S&C,Gaming Pc Group,Gaming Keyboard Type,Wired Core,920-010860,"G413 TKL SE - BLACK - US - USB - N/A - APANZ-122 - INDIA, TACTILE SWITCH",3870,NA,7395,NA,YES,NO,Dual,2 Years,-,Comfortable typing | Durable keys | Wireless connectivity | Long battery life | Multi-device support | Quiet operation,"G413 TKL SE USB 122 IA, TACTILE SWITCH - Premium Logitech keyboard designed for comfort and performance.","The G413 TKL SE USB 122 IA, TACTILE SWITCH is a high-quality keyboard from Logitech, built with precision engineering and user comfort in mind. Whether you're working from home, in the office, or gaming, this keyboard delivers exceptional performance and reliability. Features include advanced connectivity options, durable construction, and the trusted quality that Logitech is known for. Perfect for professionals and enthusiasts alike who demand the best from their peripherals.",5495,Amazon,5995,Undercut,https://res.cloudinary.com/dvleiqhbw/image/upload/v1767794318/Logitech/Products/G413_TKL_SE_-_BLACK_-_US_-_USB_-_N_A_-_APANZ-122_-_INDIA_TACTILE_SWITCH.webp
Gaming & S&C,Gaming Pc Group,Gaming Keyboard Type,Wired Core,920-008096,G213 Prodigy Gaming Keyboard - N/A - US - APANZ-122,2927,2928,5295,5295,YES,YES,Dual,2 Years,-,Comfortable typing | Durable keys | Wireless connectivity | Long battery life | Multi-device support | Quiet operation,G213 Prodigy Gaming Keyboard APANZ - Premium Logitech keyboard designed for comfort and performance.,"The G213 Prodigy Gaming Keyboard APANZ is a high-quality keyboard from Logitech, built with precision engineering and user comfort in mind. Whether you're working from home, in the office, or gaming, this keyboard delivers exceptional performance and reliability. Features include advanced connectivity options, durable construction, and the trusted quality that Logitech is known for. Perfect for professionals and enthusiasts alike who demand the best from their peripherals.",4799,Amazon,5299,Undercut,https://res.cloudinary.com/dvleiqhbw/image/upload/v1767794307/Logitech/Products/G213_Prodigy_Gaming_Keyboard_-_N_A_-_US_-_APANZ-122.webp
Gaming & S&C,Gaming Pc Group,Gaming Keyboard Type,Wireless Core,920-012680,LOGITECH G915 X LIGHTSPEED Low-Profile Wireless Gaming Keyboard - BLACK - US - APANZ-122,13893,NA,24995,NA,YES,NO,Dual,2 Years,-,Comfortable typing | Durable keys | Wireless connectivity | Long battery life | Multi-device support | Quiet operation,LOGITECH G915 X LIGHTSPEED Low-Profile Wireless Gaming Keyboard APANZ - Premium Logitech keyboard designed for comfort and performance.,"The LOGITECH G915 X LIGHTSPEED Low-Profile Wireless Gaming Keyboard APANZ is a high-quality keyboard from Logitech, built with precision engineering and user comfort in mind. Whether you're working from home, in the office, or gaming, this keyboard delivers exceptional performance and reliability. Features include advanced connectivity options, durable construction, and the trusted quality that Logitech is known for. Perfect for professionals and enthusiasts alike who demand the best from their peripherals.",18995,Amazon,19995,Undercut,https://res.cloudinary.com/dvleiqhbw/image/upload/v1767794351/Logitech/Products/LOGITECH_G915_X_LIGHTSPEED_Low-Profile_Wireless_Gaming_Keyboard_-_BLACK_-_US_-_APANZ-122.webp
Gaming & S&C,Gaming Pc Group,Gaming Keyboard Type,Wireless Core,920-012726,Logitech G915 X LIGHTSPEED TKL Low-Profile Wireless Gaming Keyboard - BLACK - US - APANZ-122,12999,NA,23995,NA,YES,NO,Dual,2 Years,-,Comfortable typing | Durable keys | Wireless connectivity | Long battery life | Multi-device support | Quiet operation,Logitech G915 X LIGHTSPEED TKL Low-Profile Wireless Gaming Keyboard APANZ - Premium Logitech keyboard designed for comfort and performance.,"The Logitech G915 X LIGHTSPEED TKL Low-Profile Wireless Gaming Keyboard APANZ is a high-quality keyboard from Logitech, built with precision engineering and user comfort in mind. Whether you're working from home, in the office, or gaming, this keyboard delivers exceptional performance and reliability. Features include advanced connectivity options, durable construction, and the trusted quality that Logitech is known for. Perfect for professionals and enthusiasts alike who demand the best from their peripherals.",18995,Amazon,19995,Undercut,https://res.cloudinary.com/dvleiqhbw/image/upload/v1767794384/Logitech/Products/Logitech_G915_X_LIGHTSPEED_TKL_Low-Profile_Wireless_Gaming_Keyboard_-_BLACK_-_US_-_APANZ-122.webp
Gaming & S&C,Gaming Pc Group,Gaming Keyboard Type,Wireless Core,920-012580,Logitech G515 LIGHTSPEED TKL Wireless Gaming Keyboard - BLACK - US - APANZ-122,7939,NA,14195,NA,YES,NO,Dual,2 Years,-,Comfortable typing | Durable keys | Wireless connectivity | Long battery life | Multi-device support | Quiet operation,Logitech G515 LIGHTSPEED TKL Wireless Gaming Keyboard APANZ - Premium Logitech keyboard designed for comfort and performance.,"The Logitech G515 LIGHTSPEED TKL Wireless Gaming Keyboard APANZ is a high-quality keyboard from Logitech, built with precision engineering and user comfort in mind. Whether you're working from home, in the office, or gaming, this keyboard delivers exceptional performance and reliability. Features include advanced connectivity options, durable construction, and the trusted quality that Logitech is known for. Perfect for professionals and enthusiasts alike who demand the best from their peripherals.",9199,Amazon,9699,Undercut,https://res.cloudinary.com/dvleiqhbw/image/upload/v1767794381/Logitech/Products/Logitech_G515_LIGHTSPEED_TKL_Wireless_Gaming_Keyboard_-_BLACK_-_US_-_APANZ-122.webp
Gaming & S&C,Gaming Pc Group,Gaming Keyboard Type,Wireless Core,920-012581,Logitech G515 LIGHTSPEED TKL Wireless Gaming Keyboard - WHITE - US - APANZ-122,7939,NA,14195,NA,YES,NO,Dual,2 Years,-,Comfortable typing | Durable keys | Wireless connectivity | Long battery life | Multi-device support | Quiet operation,Logitech G515 LIGHTSPEED TKL Wireless Gaming Keyboard APANZ - Premium Logitech keyboard designed for comfort and performance.,"The Logitech G515 LIGHTSPEED TKL Wireless Gaming Keyboard APANZ is a high-quality keyboard from Logitech, built with precision engineering and user comfort in mind. Whether you're working from home, in the office, or gaming, this keyboard delivers exceptional performance and reliability. Features include advanced connectivity options, durable construction, and the trusted quality that Logitech is known for. Perfect for professionals and enthusiasts alike who demand the best from their peripherals.",9199,Amazon,9699,Undercut,https://res.cloudinary.com/dvleiqhbw/image/upload/v1767794382/Logitech/Products/Logitech_G515_LIGHTSPEED_TKL_Wireless_Gaming_Keyboard_-_WHITE_-_US_-_APANZ-122.webp