Row,Series,MTM,Effective_T3,Original_Final_Price,Adjusted_Final_Price,image
5,Flex 5,82R900D8IN,61771.56,52890.0,62080.42,
6,Flex 5,82XX00G3IN,60263.27,64190.0,64190.0,
7,Flex 5,82R900HJIN,60912.82,67899.0,67899.0,
8,Flex 5,82R900HFIN,60426.04,52890.0,60728.17,
9,Flex 5i,82Y00052IN,76757.83,34450.0,77141.62,
10,Flex 5i,82Y0004RIN,51398.54,64190.0,64190.0,
11,Flex 5i,82R700KHIN,48470.7,52890.0,52890.0,
12,Ideapad 5 2-in-1,83KT000LIN,90668.75,85300.0,91122.09,
13,Ideapad 5 2-in-1,83KR000HIN,81912.29,51800.0,82321.85,
14,Ideapad 5 2-in-1,83KX004RIN,80737.34,51800.0,81141.03,
15,Ideapad 5 2-in-1,83DT004SIN,76845.86,51800.0,77230.09,
16,Ideapad 5 2-in-1,83DR007DIN,74413.55,51800.0,74785.62,
17,Ideapad 5 2-in-1,83KT0052IN,69413.52,51800.0,69760.59,
18,Ideapad 5 2-in-1,83KX004QIN,70463.68,59400.0,70816.0,
19,Ideapad 5 2-in-1,83DR007CIN,69548.0,51800.0,69895.74,
20,Ideapad Pro 5,83JK000AIN,119168.78,124890.0,124890.0,
21,Ideapad Pro 5,83D5000SIN,126952.36,124690.0,127587.12,
22,Ideapad Pro 5,83D4002NIN,121114.67,127890.0,127890.0,
23,IdeaPad Slim 3 ,83K100RWIN,67236.67,68581.41,68581.41,
24,IdeaPad Slim 3 ,83K100C6IN,60997.44,62217.39,62217.39,
25,IdeaPad Slim 3 ,83K100C7IN,61970.39,49890.0,62280.24,
26,IdeaPad Slim 3 ,83ER00KSIN,50870.58,50599.0,51124.93,
27,IdeaPad Slim 3 ,83ER00MCIN,51313.38,40890.0,51569.95,
28,IdeaPad Slim 3 ,82X700G4IN,43629.94,38799.0,43848.09,
29,IdeaPad Slim 3 ,82X700HJIN,42486.29,53890.0,53890.0,
30,IdeaPad Slim 3 ,83N3002QIN,56177.04,50599.0,56457.93,
31,IdeaPad Slim 3 ,83K000B8IN,60910.96,69890.0,69890.0,
32,IdeaPad Slim 3 ,83K100HSIN,63138.51,45890.0,63454.2,
33,Ideapad Slim 5,83HS000XIN,70520.38,59880.0,70872.98,
34,Ideapad Slim 5,83HR000YIN,65570.68,79790.0,79790.0,
35,Ideapad Slim 5,83DC00ACIN,66206.01,65890.0,66537.04,
36,Ideapad Slim 5,83J10067IN,61398.99,49890.0,61705.98,
37,Ideapad Slim 5,83DC0042IN,72083.93,49890.0,72444.35,
38,Ideapad Slim 5,83DC0094IN,85115.61,49890.0,85541.18,
39,Ideapad Slim 5,83HX001NIN,79111.8,44190.0,79507.36,
40,Ideapad Slim 5,83HX00A5IN,79111.8,67890.0,79507.36,
41,Ideapad Slim 5,83HX0096IN,70463.68,49890.0,70816.0,
42,Ideapad Slim 5,83HL003NIN,67815.33,59880.0,68154.41,
43,Legion 5,83DG004SIN,143129.29,129890.0,143844.94,
44,Legion 5,83DG009DIN,165507.13,10890.0,166334.66,
45,Legion 5,83DG00LEIN,126589.49,37890.0,127222.44,
46,Legion 5,83DG00LFIN,143616.08,10890.0,144334.16,
47,Legion 5,83JJ000DIN,119292.07,84390.0,119888.53,
48,Legion 5,83JJ0010IN,119778.55,129890.0,129890.0,
49,Legion 5,83M00073IN,135976.04,129890.0,136655.92,
50,Legion 5,83M00074IN,145705.51,129890.0,146434.04,
51,Legion 5,83F0005VIN,199415.42,129890.0,200412.49,
52,Legion 5,83F0005WIN,169970.0,129890.0,170819.85,
53,Legion 5 Pro,82WM00FEIN,151344.96,129890.0,152101.68,
54,Legion 5 Pro,82WM00FFIN,193236.1,44190.0,194202.28,
55,Legion 5 Pro,83DF00JBIN,153345.55,129890.0,154112.28,
56,Legion 7i,83FD000XIN,203938.53,198890.0,204958.22,
57,Legion 7i,83FD000YIN,172317.53,198890.0,198890.0,
58,Legion 7i,83FD0010IN,174709.59,107790.0,175583.13,
59,Legion GO,83E1004MIN,64464.18,73890.0,73890.0,
60,Legion Pro5,83DF003NIN,152858.75,265790.0,265790.0,
61,Legion Pro5,83DF003PIN,194209.09,129890.0,195180.13,
62,Legion Pro5,83F3007CIN,186855.52,265790.0,265790.0,
63,Legion Pro5,83F20037IN,189430.95,194890.0,194890.0,
64,Legion Pro5,83F20036IN,208889.91,10890.0,209934.36,
65,Legion Pro5,83F3007BIN,208889.91,34890.0,209934.36,
66,Legion Pro7,83DE001HIN,260292.85,10890.0,261594.31,
67,Legion Pro7,83DE001JIN,308940.37,10890.0,310485.07,
68,Legion Pro7,83F500D7IN,252672.56,10890.0,253935.92,
69,Legion Pro7,83F500D9IN,320776.89,10890.0,322380.78,
70,Legion Pro7,83F500D8IN,386937.34,10890.0,388872.03,
71,LOQ,83DV00XFIN,93901.01,92300.0,94370.52,
72,LOQ,83DV01A5IN,94661.16,99400.0,99400.0,
73,LOQ,83DV00BCIN,87599.44,107790.0,107790.0,
74,LoQ,83JE00U4IN,122891.58,107790.0,123506.04,
75,LoQ,83JE00U5IN,132621.06,101890.0,133284.17,
76,LoQ,83JE00U6IN,120930.75,99890.0,121535.4,
77,LoQ,83JE00U7IN,114133.67,117790.0,117790.0,
78,LoQ,83JE00U3IN,138458.75,99890.0,139151.04,
79,LoQ,83JC00JXIN,61046.65,107790.0,107790.0,
80,Yoga 6,83B2007TIN,84420.16,82090.0,84842.26,
81,Yoga 7 2-in-1,83JQ000NIN,136652.21,112890.0,137335.47,
82,Yoga 7 2-in-1,83DJ008WIN,128007.77,112890.0,128647.81,
83,Yoga 7 2-in-1,83JQ000VIN,119139.15,125790.0,125790.0,
84,Yoga 7 2-in-1,83DJ006YIN,104278.29,125790.0,125790.0,
85,Yoga 7 2-in-1,83DJ00DFIN,104278.27,112890.0,112890.0,
86,Yoga 7 2-in-1,83JR009EIN,107118.87,112890.0,112890.0,
87,Yoga 7 2-in-1,83JQ000XIN,109409.78,112890.0,112890.0,
88,Yoga 7 2-in-1,83JR001EIN,99711.44,125790.0,125790.0,
89,Yoga 7 2-in-1,83DJ006XIN,87722.48,125790.0,125790.0,
90,Yoga 7 2-in-1,83DJ00DGIN,87722.48,89476.93,89476.93,
91,Yoga 7 2-in-1,83DJ00FVIN,90750.67,125790.0,125790.0,
92,Yoga 7 2-in-1,83DJ00AKIN,82874.85,94890.0,94890.0,
93,Yoga 7 2-in-1,83DJ00AMIN,82874.85,44890.0,83289.22,
94,Yoga 7 2-in-1,83DJ00DDIN,82874.87,42890.0,83289.25,
95,Yoga 7 2-in-1,83DK009LIN,83118.35,44890.0,83533.94,
96,Yoga 7i,82YL0098IN,104319.33,44890.0,104840.93,
97,Yoga 9 2in1,83AC001LIN,174709.71,42890.0,175583.26,
98,Yoga 9 2in1 (Aura Edition),83LC001FIN,201895.04,195890.0,202904.51,
99,Yoga 9i,83B1004XIN,131779.36,44890.0,132438.26,
100,Yoga Book 9,83FF0034IN,211086.58,44890.0,212142.01,
101,Yoga Book 9,82YQ001DIN,197114.21,174890.0,198099.78,
102,Yoga Book 9 (New),83KJ000QIN,231005.75,74890.0,232160.78,
103,Yoga Pro 7,83HN0027IN,124115.81,139890.0,139890.0,
104,Yoga Pro 7,83E2005EIN,146493.61,139890.0,147226.07,
105,Yoga Pro 7 (Aura Edition),83KF001LIN,133787.57,139890.0,139890.0,
106,Yoga Pro 9,83DN004VIN,176654.99,181890.0,181890.0,
107,Yoga Slim 6,83E00012IN,78183.99,85890.0,85890.0,
108,Yoga Slim 6,83E00017IN,92689.6,44190.0,93153.04,
109,Yoga Slim 7,83CV00D0IN,81135.4,89890.0,89890.0,
110,Yoga Slim 7,83CV00DGIN,81135.4,89890.0,89890.0,
111,Yoga Slim 7,83CV008XIN,102710.96,121890.0,121890.0,
112,Yoga Slim 7,83CV00D3IN,101680.3,89890.0,102188.7,
113,Yoga Slim 7,83JY000UIN,110494.54,42890.0,111047.01,
114,Yoga Slim 7,83JY005YIN,110494.54,42890.0,111047.01,
115,Yoga Slim 7,83JY0069IN,110494.54,89890.0,111047.01,
116,Yoga Slim 7,83CV00B3IN,109521.59,114890.0,114890.0,
117,Yoga Slim 7,83ED003BIN,128220.38,44190.0,128861.48,
118,Yoga Slim 7 (Aura Edition),83JX005FIN,101738.01,104611.0,104611.0,
119,Yoga Slim 7 (Aura Edition),83JX001LIN,111467.49,37890.0,112024.82,
120,Yoga Slim 7 (Aura Edition),83HM004NIN,143574.76,107790.0,144292.64,
121,Yoga Slim 7 (Aura Edition),83HM002GIN,143574.76,85890.0,144292.64,
122,Yoga Slim 7 (Aura Edition),83JX001MIN,128124.6,85890.0,128765.22,
123,Yoga Slim 9,83CX002LIN,192222.15,121890.0,193183.26,
