Sub Brand,Model,Part no.,Processor,RAM,Storage,Graphics,OS/MSO,Features,Display,Colour,Service,Category, SRP ,SRP without Tax,New Bag Price,Bag without TAX,SRP-BAG without tax,NDP,MRP,Final Price,Image
Omnibook Ultra Flip,HP Omnibook Ultra  Flip 14-fh0368TU,C88U8PA,Ultra 9-288V (8C) 48 NPU TOPs,32GB 8533 LPDDR5X on-board,1TB PCIe Gen4,Intel Arc Graphics,"Next Gen Windows, Copilot +, MS Office Home 2024 India + 1yr M365 Basic  & MISC PC Game Pass","Next Gen  AI PCwith 48 TOPS, 9 MP  IR camera, Audio by Polystudio, Polycamera , My HP Apps- Smart Sense , Audio Control , Presense Sensing , Well being ,    Windows studio effect and  HP AI companion, Pen , Wolf security","Touch/14.0 2.8K (2880x1800) OLED Low Blue Light VRR 120Hz 400 nits, Gorilla Glass 5",Athmospheric Blue,"Premium care ,International warranty in Select Countries , 1 year onsite warranty",Super Premium,202999,172033,,,172033,160316,231567,,
Omnibook Ultra Flip,HP Omnibook Ultra  Flip 14-fh0369TU,C88TPPA,Ultra 9-288V (8C) 48 NPU TOPs,32GB 8533 LPDDR5X on-board,2TB PCIe Gen4,Intel Arc Graphics,"Next Gen Windows, Copilot +, MS Office Home 2024 India + 1yr M365 Basic  & MISC PC Game Pass","Next Gen  AI PCwith 48 TOPS, 9 MP  IR camera, Audio by Polystudio, Polycamera , My HP Apps- Smart Sense , Audio Control , Presense Sensing , Well being ,    Windows studio effect and  HP AI companion, Pen , Wolf security","Touch/14.0 2.8K (2880x1800) OLED Low Blue Light VRR 120Hz 400 nits, Gorilla Glass 5",Athmospheric Blue ,"Premium care ,International warranty in Select Countries , 1 year onsite warranty",Super Premium,217999,184745,,,184745,171989,248429,,
Omnibook Ultra  Flip,HP Omnibook Ultra Flip 14-fh0029TU,B13YZPA,Ultra 7-258V (8C) next gen AI PC,32GB 8533 LPDDR5X on-board,1TB SSD,Intel Arc Graphics,Windows  11  Microsoft Office  Home  & Student Edition 2021,"On device AI processing with 48 TOPS, Longest battery life with upto 21 hours*, HP Wolf Security, 9 MP auto switch HDR AI IR camera, Audio by Polystudio, Polycamera Pro app with AI enhancements, Gesture control, Real time translations during video calls, Thin and light (1.35Kg), Windows studio effect and AI companion, Pen","Touch/14.0 2.8K (2880x1800) OLED Low Blue Light VRR 120Hz 400 nits , Gorilla Glass 5",Eclipse Gray,"Premium care ,International warranty in Select Countries , 1 year onsite warranty",Super Premium,197999,167796,,,167796,156424,225946,,
Omnibook Ultra Flip,HP Omnibook Ultra Flip 14-fh0046TU,B13Y0PA,Ultra 7-258V (8C) next gen AI PC,32GB 8533 LPDDR5X on-board,1TB SSD,Intel Arc Graphics,Windows  11  Microsoft Office  Home  & Student Edition 2021,"On device AI processing with 48 TOPS, Longest battery life with upto 21 hours*, HP Wolf Security, 9 MP auto switch HDR AI IR camera, Audio by Polystudio, Polycamera Pro app with AI enhancements, Gesture control, Real time translations during video calls, Thin and light (1.35Kg), Windows studio effect and AI companion, Pen","Touch/14.0 2.8K (2880x1800) OLED Low Blue Light VRR 120Hz 400 nits , Gorilla Glass 5",Athmospheric Blue,"Premium care ,International warranty in Select Countries , 1 year onsite warranty",Super Premium,197999,167796,,,167796,156424,225946,,
Omnibook Ultra Flip,HP Omnibook Ultra Flip 14-fh0026TU,B13XRPA,Ultra 7-256V (8C) 47 NPU TOPs ,16GB LPDDR5X 8533 on-board,1TB SSD,Intel Arc Graphics,Windows  11  Microsoft Office  Home  & Student Edition 2021,"On device AI processing with 48 TOPS, Longest battery life with upto 21 hours*, HP Wolf Security, 9 MP auto switch HDR AI IR camera, Audio by Polystudio, Polycamera Pro app with AI enhancements, Gesture control, Real time translations during video calls, Thin and light (1.35Kg), Windows studio effect and AI companion, Pen","Touch/14.0 2.8K (2880x1800) OLED Low Blue Light VRR 120Hz 400 nits , Gorilla Glass 5",Eclipse Gray,"Premium care ,International warranty in Select Countries , 1 year onsite warranty",Super Premium,187999,159321,,,159321,148642,214705,,
Omnibook X Flip,HP Omnibook X Flip 14-fm0029TU,B91BSPA,Ultra 7-258V (8C) 47 NPU TOPs ,32GB LPDDR5X 8533 on-board,1TB PCIe Gen4 ,Intel Arc 140V GPU,"Next Gen Windows, Copilot +, MS Office Home 2024 India + 1yr M365 Basic  & MISC PC Game Pass","Next Gen AI PC with 47 TOPS, 5 MP  IR camera, Audio by Polystudio, Polycamera , My HP Apps- Smart Sense , Audio Control , Presense Sensing , Well being ,    Windows studio effect and  HP AI companion, Pen, Lattice - Less Keyboard",Touch/14.0 3K (2880x1800) OLED Low Blue Light 48-120Hz VRR 400 nits,Atmospheric Blue AI logo,"Premium care ,International warranty in Select Countries , 1 year onsite warranty",Super Premium,149999,127118,3052,2586,124531,114359,165185,,
Omnibook X Flip,HP Omnibook X Flip 14-fm0100TU,C1RB2PA,Ultra 7-256V (8C) 47 NPU TOPs  ,16GB LPDDR5X 8533 on-board ,1TB PCIe Gen4 ,Intel Arc 140V GPU,MS Office Home 2024 India + 1yr M365 Basic  [B21ZKAV] & MISC PC Game Pass DA 3M  ,"Next Gen AI PC with 47 TOPS, 5 MP  IR camera, Audio by Polystudio, Polycamera , My HP Apps- Smart Sense , Audio Control , Presense Sensing , Well being ,    Windows studio effect and  HP AI companion, Pen, Lattice - Less Keyboard",Touch/14.0 3K (2880x1800) OLED Low Blue Light 48-120Hz VRR 400 nits  ,Atmospheric Blue AI logo,"Premium care ,International warranty in Select Countries , 1 year onsite warranty",Super Premium,130999,111016,3052,2586,108430,99573,143828,,
Omnibook X Flip,HP Omnibook X Flip 14-fm0026TU,B91BPPA,Ultra 7-256V (8C) 47 NPU TOPs ,16GB LPDDR5X 8533 on-board,512GB PCIe Gen4 ,Intel Arc 140V GPU,"Next Gen Windows, Copilot +, MS Office Home 2024 India + 1yr M365 Basic  & MISC PC Game Pass","Next Gen  AI PCwith 47 TOPS, 5 MP  IR camera, Audio by Polystudio, Polycamera , My HP Apps- Smart Sense , Audio Control , Presense Sensing , Well being ,    Windows studio effect and  HP AI companion, Pen , Lattice - Less Keyboard",Touch/14.0 3K (2880x1800) OLED Low Blue Light 48-120Hz VRR 400 nits,Atmospheric Blue AI logo,"Premium care ,International warranty in Select Countries , 1 year onsite warranty",Super Premium,127999,108474,3052,2586,105887,97238,140455,,
Omnibook X Flip,HP Omnibook X Flip 14-fm0099TU,C1QV9PA,Ultra 5-226V (8C) 40 NPU TOPs,16GB LPDDR5X 8533 on-board,1TB,Intel Arc 130V GPU,MS Office Home 2024 India + 1yr M365 Basic & MISC PC Game Pass DA 3M  ,"Next Gen AI PC with 40 TOPS, 5 MP  IR camera, Audio by Polystudio, Polycamera , My HP Apps- Smart Sense , Audio Control , Presense Sensing , Well being ,    Windows studio effect and  HP AI companion, Pen, Lattice - Less Keyboard",Touch/14.0 3K (2880x1800) OLED Low Blue Light 48-120Hz VRR 400 nits,Meteor Silver,"Premium care ,International warranty in Select Countries , 1 year onsite warranty",Super Premium,120999,102542,3052,2586,99955,91790,132586,,
Omnibook X Flip,HP Omnibook X Flip  14-fm0058TU,BH7C0PA,Ultra 5-226V (8C) 40 NPU TOPs  ,16GB LPDDR5X 8533 on-board ,512GB PCIe Gen4 ,Intel Arc 130V GPU,"Next Gen Windows, Copilot +, MS Office Home 2024 India + 1yr M365 Basic  & MISC PC Game Pass","Next Gen AI PC with 40 TOPS, 5 MP  IR camera, Audio by Polystudio, Polycamera , My HP Apps- Smart Sense , Audio Control , Presense Sensing , Well being ,    Windows studio effect and  HP AI companion, Pen, Lattice - Less Keyboard",Touch/14.0 3K (2880x1800) OLED Low Blue Light 48-120Hz VRR 400 nits,Meteor Silver AI logo ,"Premium care ,International warranty in Select Countries , 1 year onsite warranty",Super Premium,117999,99999,3052,2586,97413,89456,129214,,
Omnibook X,HP OmniBook X 14-fe0121QU,A99B8PA,"Snapdragon® X Elite X1E-78-100 (up to 3.4 GHz, 12 cores) next gen AI PC",16 GB LPDDR5x-8448 MT/s (onboard),1TB SSD,Qualcomm® Adreno™ GPU,"Next Gen Windows, Copilot +, Microsoft Home and Student Edition 2021","On device AI processing with 45 TOPS, Longest battery life with upto 26 hours*, 5 MP auto switch HDR camera, Audio by Polystudio, Polycamera Pro app with AI enhancements, Real time translations during video calls, Thin and light (1.35Kg), Windows studio effect and AI companion","14"" diagonal, 2.2K (2240 x 1400), multitouch-enabled, IPS, edge-to-edge glass, micro-edge, Corning® Gorilla® Glass NBT™, Low Blue Light, 300 nits, low power, 100% sRGB, Eyesafe certified",Meteor silver,"Premium care ,International warranty in Select Countries , 1 year onsite warranty",Super Premium,144999,122881,3052,2586,120294,110254,159256,,
Omnibook X,HP OmniBook X  14-fe1011QU,B17S7PA,QC Snapdragon X1P-42-100 (8 cores) next gen AI PC,16GB LPDDR5X 8448 on-board ,512GB,Qualcomm® Adreno™ GPU,"Next Gen Windows, Copilot +, Microsoft Home and Student Edition 2021","On device AI processing with 45 TOPS, Longest battery life with upto 26 hours*, 5 MP auto switch HDR camera, Audio by Polystudio, Polycamera Pro app with AI enhancements, Real time translations during video calls, Thin and light (1.35Kg), Windows studio effect and AI companion","14"" diagonal, 2.2K (2240 x 1400), multitouch-enabled, IPS, edge-to-edge glass, micro-edge, Corning® Gorilla® Glass NBT™, Low Blue Light, 400 nits, low power, 100% sRGB, Eyesafe certified",Glacier Silver,"Premium care ,International warranty in Select Countries , 1 year onsite warranty",Super Premium,121499,102965,3052,2586,100379,92001,132890,,
Envy,HP Envy x360 14-fc0179TU,B6MK9PA,Intel EVO Core Ultra 7-155U (AI-enhanced),32GB LPDDR5 on-board,1TB SSD,Intel Integrated Graphics,Windows 11 MS Office Home 2024 India + 1yr M365 Basic  ,"Autoframe, 5MP IR Camera, PVCY Shutter, TNR, Studio Effect, Backlit keyboard, Rechargeable Pen, Poly Studio","Touch/14.0 2.8K OLED Brightview Lw BluLt 400 nits VRR 48-120Hz, IMAX",Athmospheric Blue,"Premium care ,International warranty in Select Countries , 1 year onsite warranty",Super Premium,147499,124999,3052,2586,122413,112414,162376,,
Envy,HP Envy x360 Laptop 14-fc0178TU,B6MK8PA,Intel EVO Core Ultra 5-125U (AI-enhanced),16GB LPDDR5 on-board,512 GB SSD,Intel Integrated Graphics,Windows 11 MS Office Home 2024 India + 1yr M365 Basic  & Zenvo Pen Natural Silver 2-layer paper box ,"Autoframe, 5MP IR Camera, PVCY Shutter, TNR, Studio Effect, Backlit keyboard, Rechargeable Pen, Poly Studio","Touch/14.0 2.8K OLED Brightview Lw BluLt 400 nits VRR 48-120Hz, IMAX",Athmospheric Blue,"Premium care ,International warranty in Select Countries , 1 year onsite warranty",Super Premium,116499,98728,3052,2586,96142,88288,127527,,
Omnibook 7,HP Omnibook 7 AI 14-fr0116TU,BK6N6PA,Ultra 7-255H (16C) 13 NPU TOPs,32GB 7467 LPDDR5 on-board,1TB,Intel Arc 140T GPU,Windows  11 + MS Office Home 2024 + 1yr M365 Basic & MISC PC Game Pass,"5 MP  IR camera, Auto Switch HDR, Audio by Polystudio, Polycamera , Windows studio effect and  HP AI companion, Lattice - Less Keyboard, MIL STD 810H US Military-grade standard",14.0 3K (2880x1800) OLED Brightview Low Blue Light VRR 120Hz 400 nits,Meteor Silver,"Premium care ,International warranty in Select Countries , 1 year onsite warranty",Premium,126999,107626,1936,1641,105985,104112,150385,,
Omnibook 7,HP Omnibook 7 AI 14-fr0789TU,C58RFPA,Ultra 5-225H (14C) 13 NPU TOPs,16GB 7467 LPDDR5 on-board,1TB,Intel Arc 130T GPU,Windows  11 + MS Office Home 2024 + 1yr M365 Basic & MISC PC Game Pass,"5 MP  IR camera, Auto Switch HDR, Audio by Polystudio, Polycamera , Windows studio effect and  HP AI companion, Lattice - Less Keyboard, MIL STD 810H US Military-grade standard",14.0 3K (2880x1800) OLED Brightview Low Blue Light VRR 120Hz 400 nits,Meteor Silver,"Premium care ,International warranty in Select Countries , 1 year onsite warranty",Premium,98499,83474,1936,1641,81833,78684,113654,,
Omnibook 7,HP Omnibook 7 14-fs0789TU,BK6F6PA,Core 5-210H (8C),16GB 5200 LPDDR5 on-board,512 GB,Intel Graphics,Windows  11 + MS Office Home 2024 + 1yr M365 Basic & MISC PC Game Pass,"5 MP IR camera, Auto Switch HDR, Audio by Polystudio, Polycamera , Lattice - Less Keyboard, MIL STD 810H US Military-grade standard",14.0 2K (1920x1200) Antiglare IPS Low Power 300 nits,Meteor Silver,"Premium care ,International warranty in Select Countries , 1 year onsite warranty",Premium,83999,71186,1936,1641,69545,65773,95006,,
Omnibook 7,HP  Omnibook 7 Aero  13 -bg1456AU,BK1T2PA,Ryzen AI 7 350 (8C) 50 NPU TOPs  ,16GB LPDDR5X 7500 on-board ,512GB PCIe Gen4 ,AMD Radeon 860M Graphics  ,"Next Gen Windows, Copilot +, MS Office Home 2024 India + 1yr M365 Basic  & MISC PC Game Pass","Next Gen  AI PC with 50TOPS, 5 MP  IR camera, HP AI companion, Audio by Polystudio, Polycamera , My HP Apps- Smart Sense , Audio Control , Presense Sensing , Well being ,    Windows studio effect and  , Pen , Less than 1 KG",13.3 WQXGA (2560x1600) Antiglare IPS 400 nits ,Glacier Silver ,"Premium care ,International warranty in Select Countries , 1 year onsite warranty",Premium,100499,85169,1936,1641,83529,79467,114786,,
Omnibook 7,HP  Omnibook 7 Aero 13 -bg1678AU,BK1U0PA,Ryzen AI 5 340 (6C) 50 NPU TOPs ,16GB LPDDR5X 7500 on-board  ,512GB PCIe Gen4 ,AMD Radeon 840M Graphics  ,"Next Gen Windows, Copilot +, MS Office Home 2024 India + 1yr M365 Basic  & MISC PC Game Pass","Next Gen  AI PC with 50TOPS, 5 MP  IR camera, HP AI companion, Audio by Polystudio, Polycamera , My HP Apps- Smart Sense , Audio Control , Presense Sensing , Well being ,    Windows studio effect and  , Pen , Less than 1 KG",13.3 WQXGA (2560x1600) Antiglare IPS 400 nits  ,Glacier Silver ,"Premium care ,International warranty in Select Countries , 1 year onsite warranty",Premium,91499,77543,1936,1641,75903,72426,104615,,
Omnibook 5,HP Omnibook 5 Flip 16-fb0001QU,C40F2PA,QC Snapdragon X X1-26-100 (8C) 45 NPU TOPs - Purwa SE (OB5),16GB LPDDR5X 8448 on-board,1TB PCIe Gen4,Qualcomm Adreno GPU,"OST W11H6 NG ,MS Office Home 2024 India + 1yr M365 Basic  & MISC PC Game Pass","34 hours Battery , 45 TOPS (NGAI)",16.0 2K (1920x1200) OLED Brightview Low Blue Light 300 nits,Glacier Silver,"Premium care ,International warranty in Select Countries , 1 year onsite warranty",Premium,82999,70337,1936,1641,68697,66164,95571,,
Omnibook 5,HP Omnibook 5 Flip 14-fp0789TU,BD1H3PA,Core i5-1334U (2C+8C),16GB LPDDR5 5200 on-board,512GB,Intel Iris Xe,Windows  11 + MS Office Home 2024 + 1yr M365 Basic & MISC PC Game Pass,"5 MP  IR camera, Auto Switch HDR, Windows Hello- Facial Recognition, AI noise reduction, Pen, Lattice - Less Keyboard",Touch/14.0 2K (1920x1200) IPS 300 nits,Glacier Silver,"Premium care ,International warranty in Select Countries , 1 year onsite warranty",Premium,88199,74745,1936,1641,73104,71407,103143,,
Omnibook 5,HP OmniBook 5 Flip 14-fp0690TU,BX9Q7PA,Core 7-150U (10C),16GB LPDDR5 5200 on-board,1TB,Intel Graphics,Windows  11 + MS Office Home 2024 + 1yr M365 Basic & MISC PC Game Pass,"5 MP  IR camera, Auto Switch HDR, Windows Hello- Facial Recognition, AI noise reduction, Pen, Lattice - Less Keyboard",Touch/14.0 2K (1920x1200) IPS 300 nits,Glacier Silver,"Premium care ,International warranty in Select Countries , 1 year onsite warranty",Premium,100999,85592,1936,1641,83952,80639,116479,,
Omnibook 5,HP OmniBook 5 Flip 14-fp0790TU,BX9Q8PA,Core i5-1334U (2C+8C),16GB LPDDR5 5200 on-board,1TB,Intel Iris Xe,Windows  11 + MS Office Home 2024 + 1yr M365 Basic & MISC PC Game Pass,"5 MP  IR camera, Auto Switch HDR, Windows Hello- Facial Recognition, AI noise reduction, Lattice - Less Keyboard",Touch/14.0 2K (1920x1200) IPS 300 nits,Glacier Silver,"Premium care ,International warranty in Select Countries , 1 year onsite warranty",Premium,89699,76016,1936,1641,74375,71407,103143,,
Omnibook 5,HP OmniBook 5 NG AI PC 16-ag1048AU,BH4K2PA,Ryzen AI 7 350 (8C) 50 NPU TOPs  ,16GB LPDDR5X 7500 on-board,512GB PCIe Gen4 ,AMD Radeon 860M Graphics  ,"Next Gen Windows, Copilot +, MS Office Home 2024 India + 1yr M365 Basic  & MISC PC Game Pass","Next Gen  AI PC with 50TOPS, IR camera, HP AI companion, Audio by Polystudio, Polycamera , My HP Apps- Smart Sense , Audio Control , Presense Sensing , Well being ,    Windows studio effect",Touch/16.0 2K (1920x1200) Antiglare IPS 300 nits ,Glacier Silver AI logo,"Premium care ,International warranty in Select Countries , 1 year onsite warranty",Premium,88499,74999,1936,1641,73358,68903,99527,,
Omnibook 5,HP OmniBook 5 NG AI PC 16-ag1046AU,C20W1PA,Ryzen AI 7 350 (8C) 50 NPU TOPs,16GB LPDDR5X 7500 on-board,1TB,AMD Radeon 860M Graphics,"Next Gen Windows, Copilot +, MS Office Home 2024 India + 1yr M365 Basic  & MISC PC Game Pass","Next Gen  AI PC with 50TOPS, IR camera, HP AI companion, Audio by Polystudio, Polycamera , My HP Apps- Smart Sense , Audio Control , Presense Sensing , Well being ,    Windows studio effect",Touch/16.0 2K (1920x1200) Antiglare IPS 300 nits,Glacier Silver AI logo,"Premium care ,International warranty in Select Countries , 1 year onsite warranty",Premium,91499,77542,1936,1641,75901,71250,102917,,
Omnibook 5,HP OmniBook 5 NG AI PC 16-ag1087AU,CG9Y6PA,Ryzen AI 7 350 (8C) 50 NPU TOPs  [B5VM0AV],24GB 7500 LPDDR5X on-board  [B5VM0AV],1TB,AMD Radeon 860M Graphics,"Next Gen Windows, Copilot +, MS Office Home 2024 India + 1yr M365 Basic  & MISC PC Game Pass","Next Gen  AI PC with 50TOPS, IR camera, HP AI companion, Audio by Polystudio, Polycamera , My HP Apps- Smart Sense , Audio Control , Presense Sensing , Well being ,    Windows studio effect",Touch/16.0 2K (1920x1200) Antiglare IPS 300 nits,Glacier Silver AI logo,"Premium care ,International warranty in Select Countries , 1 year onsite warranty",Premium,95499,80931,1936,1641,79291,74380,107438,,
Omnibook 5,HP OmniBook 5 NG AI 16-ag1045AU,C20W0PA,Ryzen AI 5 340 (6C) 50 NPU TOPs,16GB LPDDR5X 7500 on-board,1TB,AMD Radeon 840M Graphics,Next Gen Windows + MS Office Home 2024 + 1yr M365 Basic & MISC PC Game Pass,"Next Gen  AI PC with 50TOPS, IR camera, HP AI companion, Audio by Polystudio, Polycamera , My HP Apps- Smart Sense , Audio Control , Presense Sensing , Well being ,    Windows studio effect",Touch/16.0 2K (1920x1200) Antiglare IPS 300 nits,Glacier Silver,"Premium care ,International warranty in Select Countries , 1 year onsite warranty",Premium,83499,70762,1936,1641,69121,64991,93876,,
Omnibook 5,HP OmniBook 5 NG AI PC 16-ag1037AU,BP0J7PA,Ryzen AI 5 340 (6C) 50 NPU TOPs ,16GB LPDDR5X 7500 on-board ,512GB PCIe Gen4 ,AMD Radeon 840M Graphics  ,"Next Gen Windows, Copilot +, MS Office Home 2024 India + 1yr M365 Basic  & MISC PC Game Pass","Next Gen  AI PC with 50TOPS, IR camera, HP AI companion, Audio by Polystudio, Polycamera , My HP Apps- Smart Sense , Audio Control , Presense Sensing , Well being ,    Windows studio effect",16.0 2K (1920x1200) Antiglare IPS 300 nits ,Glacier Silver AI logo,"Premium care ,International warranty in Select Countries , 1 year onsite warranty",Premium,81499,69067,1936,1641,67426,63426,91615,,
Omnibook 5,HP OmniBook 5 14-he0015QU,C08Q7PA,QC Snapdragon X X1-26-100 (8C) 45 NPU TOPs,16GB LPDDR5X 8448 on-board ,1TB PCIe Gen4 ,Qualcomm Adreno GPU ,"OST W11H6 NG ,MS Office Home 2024 India + 1yr M365 Basic  & MISC PC Game Pass","34 hours Battery , 45 TOPS (NGAI), 1.3 KG",14.0 2K (1920x1200) OLED Brightview Low Blue Light 300 nits  ,Glacier Silver ,"Premium care ,International warranty in Select Countries , 1 year onsite warranty",Premium,85499,72457,1936,1641,70816,68512,98962,,
Omnibook 5,HP OmniBook 5 14-he0014QU,C08Q6PA,QC Snapdragon X X1-26-100 (8C) 45 NPU TOPs ,16GB LPDDR5X 8448 on-board ,512GB PCIe Gen4 ,Qualcomm Adreno GPU  ,"OST W11H6 NG  , MS Office Home 2024 India + 1yr M365 Basic  & MISC PC Game Pass","34 hours Battery , 45 TOPS (NGAI), 1.3 KG",14.0 2K (1920x1200) OLED Brightview Low Blue Light 300 nits ,Glacier Silver ,"Premium care ,International warranty in Select Countries , 1 year onsite warranty",Premium,80999,68643,1936,1641,67003,64600,93311,,
Pavilion Aero,HP Pavilion Aero 13-bg0016AU,A1RA6PA,Ryzen 5-8640U (AI-enhanced),16GB 6400 LPDDR5X on-board,512 GB SSD,AMD Radeon Graphics,Windows  11  Microsoft Office  Home  & Student Edition 2021,"Ultra lightweight <1KG, 5 MP IR Camera PVCY + TNR + Backlit KBD + Audio by Polystudio, HDMI 2.1 port",13.3 WUXGA (1920x1200) AG IPS 400 nits Narrow Border,Natural Silver,"1 year onsite warranty , International warranty in Select Countries",Premium,89435,75792,1936,1641,74152,69244,100019,,
Pavilion Aero,HP Pavilion Aero 13-bg0017AU,A1RA7PA,Ryzen 7-8840U (AI-enhanced),16GB 6400 LPDDR5X on-board,512 GB SSD,AMD Radeon Graphics,Windows  11  Microsoft Office  Home  & Student Edition 2021,"Ultra lightweight <1KG, 5 MP IR Camera PVCY + TNR + Backlit KBD + Audio by Polystudio, HDMI 2.1 port",13.3 WUXGA (1920x1200) AG IPS 400 nits Narrow Border,Natural Silver,"1 year onsite warranty , International warranty in Select Countries",Premium,95435,80877,1936,1641,79236,73939,106801,,
Pavilion Plus 14, Pavilion Plus 14-ew0108TU,B6PA5PA,Intel 13th Gen Core i5-1335U  ,16GB 5200 LPDDR5X on-board,512 GB SSD,Intel Iris Xe ,Windows 11 MS Office Home 2024 India + 1yr M365 Basic  & Zenvo Pen Natural Silver 2-layer paper box ,"Backlit KBD,  B&O Audio+ TNR + 5 MP IR Camera + Thunderbolt USB C-Type charging port",14.0 WUXGA (1920x1200) Antiglare IPS 300 nits Narrow Border flat  [7P9T5AV],Moonlight Blue,"1 year onsite warranty , International warranty in Select Countries",Premium,86498,73303,1936,1641,71663,66164,95570,,
Pavilion Plus 14, Pavilion Plus 14-ew0107TU,B6MK7PA,Intel 13th Gen Core i5-1335U  ,16GB 5200 LPDDR5X on-board  ,512 GB SSD,Intel Iris Xe ,Windows 11 MS Office Home 2024 India + 1yr M365 Basic  & Zenvo Pen Natural Silver 2-layer paper box ,"Backlit KBD,  B&O Audio+ TNR + 5 MP IR Camera + Thunderbolt USB C-Type charging port",14.0 WUXGA (1920x1200) Antiglare IPS 300 nits Narrow Border flat  ,Natural Silver,"1 year onsite warranty , International warranty in Select Countries",Premium,85499,72457,1936,1641,70816,65382,94441,,
Pavilion Plus 14,HP Pavilion Plus 14-ew1082TU,A3WE3PA,Intel EVO Ultra 5-125H (AI-enhanced),16GB LPDDR5X on-board,512 GB SSD,Intel Arc Graphics,Windows  11  Microsoft Office  Home  & Student Edition 2021,"Backlit KBD,  B&O Audio+ TNR + 5 MP IR Camera + Thunderbolt USB C-Type charging port",14.0 WQXGA (2560x1600) Antiglare Lw BluLt IPS 300 nits VRR 48-120Hz,Moonlight Blue,"1 year onsite warranty , International warranty in Select Countries",Premium,103499,87711,1936,1641,86070,79466,114784,,
Pavilion X360,HP Pav X360 Convert 14-ek1151TU,B6PA3PA,Intel 13th Gen Core i5-1335U  ,16GB 3200 DDR4 on-board ,1TB SSD,Intel Iris Xe ,Windows 11 MS Office Home 2024 India + 1yr M365 Basic  & Zenvo Pen Natural Silver 2-layer paper box ,"Zenvo Pen Natural Silver 2, Backlit KBD, Pale Rose Gold   NSV - 5MP TNR, B&O Audio",Touch/14.0 FHD (1920x1080) IPS 250 nits Narrow Border ,Pale Rose Gold,"1 year onsite warranty , International warranty in Select Countries",Premium,92499,78389,1936,1641,76748,70859,102352,,
Pavilion X360,HP Pav x360 Laptop 14-ek2033TU,A2QQ2PA,Intel 14th Gen Core 3-100U ,8GB DDR4,512 GB SSD,Intel Iris Xe ,Windows  11  Microsoft Office  Home  & Student Edition 2021,"Zenvo Pen Natural Silver 2, Backlit KBD,  B&O Audio+ TNR + 5 MP Camera ",Touch/14 FHD IPS 300 nits Narrow Border,Natural Silver,"1 year onsite warranty , International warranty in Select Countries",Premium,69499,58897,1936,1641,57257,52863,76358,,
Gaming,OMEN Gaming Laptop 16-an0012TX,C78GKPA,Ultra 9-285H, 32GB DDR5,1TB SSD,RTX 5070 8GB,XboXPC Game Pass 3M & MS Office Home 2024 India + 1yr M365 Basic ,KBD SDB CP BL-RGB 4Zone numkypd INDIA,16.0 2K (1920x1200) Antiglare Low Blue Light IPS 165Hz 400 nits,Shadow Black - 1080p IR TNR PVCY ST  [A58DPAV],"1 year onsite warranty , International warranty in Select Countries",Super Premium,184999,156779,0,0,156779,147864,213581,,
Gaming,OMEN Gaming Laptop 16-ap0182AX,C80W5PA, Ryzen 9-8940HX ,24GB DDR5 Upgradeable,1TB SSD,RTX 5070 8GB,XboXPC Game Pass 3M & MS Office Home 2024 India + 1yr M365 Basic ,KBD SDB CP BL-RGB 4Zone numkypd INDIA,16.0 2K (1920x1200) Antiglare Low Blue Light IPS 165Hz 400 nits,Shadow Black - 1080p IR TNR PVCY ST  [A58DPAV],"1 year onsite warranty , International warranty in Select Countries",Super Premium,179999,152542,0,0,152542,143973,207960,,
Gaming,OMEN Gaming Laptop 16-am0279TX,C57F3PA,Core i9-14900HX,24GB DDR5 Upgradeable,1TB SSD, RTX 5060 8GB,XboXPC Game Pass 3M & MS Office Home 2024 India + 1yr M365 Basic ,KBD SDB CP BL-RGB 4Zone numkypd INDIA,16.0 2K (1920x1200) Antiglare Low Blue Light IPS 165Hz 400 nits,Shadow Black - 1080p IR TNR PVCY ST  [A58DPAV],"1 year onsite warranty , International warranty in Select Countries",Super Premium,174999,148304,0,0,148304,140081,202340,,
Gaming,OMEN Gaming Laptop 16-ap0181AX,C74VNPA,Ryzen 9-8940HX ,24GB DDR5 Upgradeable,1TB SSD, RTX 5060 8GB,XboXPC Game Pass 3M & MS Office Home 2024 India + 1yr M365 Basic ,KBD SDB CP BL-RGB 4Zone numkypd INDIA,16.0 2K (1920x1200) Antiglare Low Blue Light IPS 165Hz 400 nits,Shadow Black - 1080p IR TNR PVCY ST  [A58DPAV],"1 year onsite warranty , International warranty in Select Countries",Super Premium,169999,144067,0,0,144067,136190,196719,,
Gaming,OMEN Gaming Laptop 16-am0238TX,C25MTPA,Ultra 7-255H,24GB DDR5 Upgradeable,1TB SSD, RTX 5060 8GB,XboXPC Game Pass 3M & MS Office Home 2024 India + 1yr M365 Basic ,KBD SDB CP BL-RGB 4Zone numkypd INDIA,16.0 2K (1920x1200) Antiglare Low Blue Light IPS 165Hz 400 nits,Shadow Black - 1080p IR TNR PVCY ST  [A58DPAV],"1 year onsite warranty , International warranty in Select Countries",Super Premium,164999,139830,0,0,139830,132299,191099,,
Gaming,OMEN Gaming Laptop 16-an0015TX,C78GNPA, Ultra 7-255H,24GB DDR5 Upgradeable,1TB SSD, RTX 5060 8GB,XboXPC Game Pass 3M & MS Office Home 2024 India + 1yr M365 Basic ,KBD SDB CP BL-RGB 4Zone numkypd INDIA,16.0 2K (1920x1200) Antiglare Low Blue Light IPS 165Hz 400 nits,Shadow Black - 1080p IR TNR PVCY ST  [A58DPAV],"1 year onsite warranty , International warranty in Select Countries",Super Premium,159999,135592,0,0,135592,128408,185478,,
Gaming,OMEN Gaming Laptop  16-am0239TX,C25MVPA,Core i7-14650HX,24GB DDR5 Upgradeable,1TB SSD, RTX 5060 8GB,XboXPC Game Pass 3M & MS Office Home 2024 India + 1yr M365 Basic ,KBD SDB CP BL-RGB 4Zone numkypd INDIA,16.0 2K (1920x1200) Antiglare Low Blue Light IPS 165Hz 400 nits,Shadow Black - 1080p IR TNR PVCY ST  [A58DPAV],"1 year onsite warranty , International warranty in Select Countries",Super Premium,159999,135592,0,0,135592,128408,185478,,
Gaming,OMEN Gaming Laptop 16-ap0183AX,C7LU0PA,Ryzen AI 7 350,24GB DDR5 Upgradeable,1TB SSD, RTX 5060 8GB,XboXPC Game Pass 3M & MS Office Home 2024 India + 1yr M365 Basic ,KBD SDB CP BL-RGB 4Zone numkypd INDIA,16.0 2K (1920x1200) Antiglare Low Blue Light IPS 165Hz 400 nits,Shadow Black - 1080p IR TNR PVCY ST  [A58DPAV],"1 year onsite warranty , International warranty in Select Countries",Super Premium,159999,135592,0,0,135592,128408,185478,,
Gaming,OMEN Gaming Laptop 16-am0240TX,C25MWPA,Ultra 7-255H,24GB DDR5 Upgradeable,1TB SSD,RTX 5050 8GB,XboXPC Game Pass 3M & MS Office Home 2024 India + 1yr M365 Basic ,KBD SDB CP BL-RGB 4Zone numkypd INDIA,16.0 2K (1920x1200) Antiglare Low Blue Light IPS 165Hz 400 nits,Shadow Black - 1080p IR TNR PVCY ST  [A58DPAV],"1 year onsite warranty , International warranty in Select Countries",Super Premium,154999,131355,0,0,131355,124517,179858,,
Gaming,OMEN Gaming Laptop 16-am0241TX,C25MXPA,Core i7-14650HX,24GB DDR5 Upgradeable,1TB SSD,RTX 5050 8GB,XboXPC Game Pass 3M & MS Office Home 2024 India + 1yr M365 Basic ,KBD SDB CP BL-RGB 4Zone numkypd INDIA,16.0 2K (1920x1200) Antiglare Low Blue Light IPS 165Hz 400 nits,Shadow Black - 1080p IR TNR PVCY ST  [A58DPAV],"1 year onsite warranty , International warranty in Select Countries",Super Premium,149999,127118,0,  -   ,127118,120626,174237,,
Gaming,OMEN Gaming Laptop16-ap0165AX,C2XD2PA,Ryzen AI 7 350,24GB DDR5 Upgradeable,1TB SSD,RTX 5050 8GB,XboXPC Game Pass 3M & MS Office Home 2024 India + 1yr M365 Basic ,KBD SDB CP BL-RGB 4Zone numkypd INDIA,16.0 2K (1920x1200) Antiglare Low Blue Light IPS 165Hz 400 nits,Shadow Black - 1080p IR TNR PVCY ST  [A58DPAV],"1 year onsite warranty , International warranty in Select Countries",Super Premium,149999,127118,0,  -   ,127118,120626,174237,,
Gaming,OMEN Gaming Laptop 16-am0277TX,C5BW1PA,Core 7 - 240H,24GB DDR5 Upgradeable,1TB SSD,RTX 5050 8GB,XboXPC Game Pass 3M & MS Office Home 2024 India + 1yr M365 Basic ,KBD SDB CP BL-RGB 4Zone numkypd INDIA,16.0 2K (1920x1200) Antiglare Low Blue Light IPS 165Hz 400 nits,Shadow Black - 1080p IR TNR PVCY ST  [A58DPAV],"1 year onsite warranty , International warranty in Select Countries",Super Premium,137999,116948,0,  -   ,116948,111287,160748,,
Gaming,Victus Gaming Laptop 15-fa2405TX,CF5L7PA, Core 7 - 240H,24GB DDR5 Upgradeable,1TB SSD,RTX 5060 8GB,XboXPC Game Pass 3M & MS Office Home 2024 India + 1yr M365 Basic ,KBD MSGISKPTCP+ISBL-RGB1Zonenum,15.6 FHD (1920x1080) AG IPS 144Hz 300 nits,Mica Silver ,1 year onsite warranty ,Premium,130999,111016,0,  -   ,111016,105627,152573,,
Gaming,Victus Gaming Laptop 15-fa2409TX,CF5M6PA, Core 7 - 240H,24GB DDR5 Upgradeable,1TB SSD,RTX 5050 8GB,XboXPC Game Pass 3M & MS Office Home 2024 India + 1yr M365 Basic ,KBD MSGISKPTCP+ISBL-RGB1Zonenum,15.6 FHD (1920x1080) AG IPS 144Hz 300 nits,Mica Silver ,1 year onsite warranty ,Premium,120999,102542,0,  -   ,102542,97803,141271,,
Gaming,Victus 15-fa2308TX,C25MRPA,Core i7-13620H,24GB DDR5 Upgradeable,1TB SSD,RTX 5060 8GB,XboXPC Game Pass 3M & MS Office Home 2024 India + 1yr M365 Basic ,KBD MSGISKPTCP+ISBL-RGB1Zonenum,15.6 FHD (1920x1080) AG IPS 144Hz 300 nits,Mica Silver ,1 year onsite warranty ,Premium,130999,111016,0,  -   ,111016,105627,152573,,
Gaming,Victus 15-fa2309TX,C25MSPA,Core i7-13620H,24GB DDR5 Upgradeable,1TB SSD,RTX 5050 8GB,XboXPC Game Pass 3M & MS Office Home 2024 India + 1yr M365 Basic ,KBD MSGISKPTCP+ISBL-RGB1Zonenum,15.6 FHD (1920x1080) AG IPS 144Hz 300 nits,Mica Silver ,1 year onsite warranty ,Premium,120999,102542,0,  -   ,102542,97803,141271,,
Gaming,Victus 15-fb3185AX,C28DWPA,Ryzen 7 260,24GB DDR5 Upgradeable,1TB SSD,RTX 5050 8GB,XboXPC Game Pass 3M & MS Office Home 2024 India + 1yr M365 Basic ,KBD MSGISKPTCP+ISBL-RGB1Zonenum,15.6 FHD (1920x1080) AG IPS 144Hz 300 nits,Mica Silver ,1 year onsite warranty ,Premium,115999,98304,0,  -   ,98304,93891,135620,,
HP 15,15-fd1254TU,BG6E6PA,Ultra 5-125H,16GB DDR5,512 GB SSD,Intel Arc graphics,MS Office Home 2024+ 1yr M365 Basic,Backlit Island KBD with N’Pad,15.6 FHD (1920x1080) AG IPS 300 nits/NSV,Natural Silver,"1 year onsite warranty , International warranty in Select Countries",Core,78999,66948,1116,946,61765,60639,87590,,