id,name,brand,image,Availability,price,final_price,screen_size,resolution,panel_type,refresh_rate,response_time,description_1,description_2
MSILC0101,MAG27CQ6F,MSI,https://res.cloudinary.com/dvleiqhbw/image/upload/v1767800299/MSI/MAG27CQ6F.webp,Avl,12500,15390,"27""",2560 x 1440,Rapid VA,180Hz,0.5ms,Curved WQHD gaming monitor featuring a Rapid VA panel for immersive visuals. The 180Hz refresh rate and 0.5ms GtG response time ensure fluid gameplay in fast-paced titles.,Equipped with HDR Ready technology for vibrant colors and Wide Color Gamut. Includes MSI Gaming Intelligence features like Night Vision and Anti-Flicker.
MSILC0119,MAG27CQ6PF,MSI,https://res.cloudinary.com/dvleiqhbw/image/upload/v1767800300/MSI/MAG27CQ6PF.webp,Avl,13500,13635,"27""",2560 x 1440,Rapid VA,180Hz,0.5ms,"A premium curved gaming monitor with a focus on speed and clarity. The Rapid VA panel minimizes motion blur, providing a competitive edge in eSports.","Features an adjustable stand for ergonomic comfort. Support for adaptive sync prevents screen tearing, while the frameless design is perfect for multi-monitor setups."
MSILC0092,MAG274UPF E2,MSI,https://res.cloudinary.com/dvleiqhbw/image/upload/v1767800296/MSI/MAG274UPF_E2.webp,Avl,31000,36099,"27""",3840 x 2160,Rapid IPS,160Hz,0.5ms,Experience stunning 4K resolution on a Rapid IPS panel. This monitor combines high pixel density with a 160Hz refresh rate for professional-grade gaming and content creation.,VESA DisplayHDR 400 certified for impressive contrast. Includes USB Type-C connectivity with 65W power delivery and a KVM switch for controlling multiple devices.
MSILC0108,MAG276CXF,MSI,https://res.cloudinary.com/dvleiqhbw/image/upload/v1767800298/MSI/MAG276CXF.webp,Avl,12300,12423,"27""",1920 x 1080,VA,240Hz,0.5ms,"Designed for ultimate speed, this 240Hz VA monitor is perfect for high-frame-rate competitive gaming. The 0.5ms response time eliminates ghosting and trailing.",Curved panel for enhanced field of view and comfort. Console Mode support ensures 120Hz compatibility for PS5 and Xbox Series X/S users.
MSILC0122,MSI Monitor PRO MP275QPG ( Bis. R41247430),MSI,https://res.cloudinary.com/dvleiqhbw/image/upload/v1767800410/MSI/MSI_Monitor_PRO_MP275QPG_Bis._R41247430.webp,Avl,11000,11110,"27""",2560 x 1440,IPS,100Hz,1ms,Wait - I see two MSILC0122 entries. I'll check my previous monitors file.,"Yes, I noticed this duplicate in the original list. I will treat them as two variants or simply keep the duplicate if that's what was in the source."
MSILC0093,MD272XP,MSI,https://res.cloudinary.com/dvleiqhbw/image/upload/v1767800305/MSI/MD272XP.webp,Avl,11300,11413,"27""",1920 x 1080,IPS,100Hz,1ms,The Modern MD272XP focus on productivity and eye comfort. Featuring a 100Hz IPS panel and Less Blue Light PRO technology to reduce eye strain during long work hours.,"Winner of Red Dot Design Award 2022. Includes built-in speakers and ergonomic stand with tilt, swivel, height, and pivot adjustments."
MSILC0074,MD272XPW,MSI,https://res.cloudinary.com/dvleiqhbw/image/upload/v1767800306/MSI/MD272XPW.webp,Avl,11500,11615,"27""",1920 x 1080,IPS,100Hz,1ms,A stylish white version of the Modern MD272 monitor. Perfect for clean desktop setups while providing excellent color accuracy and viewing angles.,Features a productivity-focused KVM switch and Type-C power delivery. The 100Hz refresh rate ensures smooth window transitions and reduced flicker.
MSILC0080,MD272QXP,MSI,https://res.cloudinary.com/dvleiqhbw/image/upload/v1767800303/MSI/MD272QXP.webp,Avl,16750,16917,"27""",2560 x 1440,IPS,100Hz,1ms,"Upgrade your productivity with WQHD resolution. The MD272QXP offers 77% more screen space than FHD, making multitasking easier for office and creative workflows.",IPS technology ensures consistent colors from any angle. Includes a suite of Eye Care features certified by TUV Rheinland for long-term health.
MSILC0081,MD272QXPW,MSI,https://res.cloudinary.com/dvleiqhbw/image/upload/v1767800304/MSI/MD272QXPW.webp,Avl,17000,17170,"27""",2560 x 1440,IPS,100Hz,1ms,WQHD productivity monitor in a sleek white finish. Designed to look as good as it performs with high-resolution clarity and smooth 100Hz motion.,Integrated cable management and a tool-less design for easy assembly. Supports MSI Productivity Intelligence (P.I.) software for advanced window management.
MSILC0072,MP161 E2,MSI,https://res.cloudinary.com/dvleiqhbw/image/upload/v1767800308/MSI/MP161_E2.webp,Avl,9800,9898,"15.6""",1920 x 1080,IPS,60Hz,4ms,"A portable 15.6-inch monitor that extends your workspace on the go. Lightweight and thin, it's perfect for business travelers and mobile gamers.",Features both Mini-HDMI and USB Type-C for universal device compatibility. Includes a foldable kickstand for both landscape and portrait orientations.
MSILC0090,PRO MP275Q,MSI,https://res.cloudinary.com/dvleiqhbw/image/upload/v1767800433/MSI/PRO_MP275Q.webp,Avl,10500,10605,"27""",2560 x 1440,IPS,100Hz,1ms,Business-focused WQHD monitor with an IPS panel for clear visuals. Ideal for data analysis and office work where extra screen real estate is needed.,Features built-in speakers and VESA mount compatibility. Certified by TUV for eye comfort with flick-free and blue light reduction technologies.
MSILC0098,PRO MP273U,MSI,https://res.cloudinary.com/dvleiqhbw/image/upload/v1767800432/MSI/PRO_MP273U.webp,Avl,15500,15655,"27""",3840 x 2160,IPS,60Hz,4ms,Crystal clear 4K resolution for professional environments. The PRO MP273U provides immense detail and accurate colors for design and productivity.,Efficient workflow support with multiple input options and MSI Display Kit software assistance. Slim design with a modern aesthetic.
MSILC0115,PRO MP273QW E2,MSI,https://res.cloudinary.com/dvleiqhbw/image/upload/v1767800431/MSI/PRO_MP273QW_E2.webp,Avl,11750,11867,"27""",2560 x 1440,IPS,100Hz,1ms,A refined WQHD office monitor with 100Hz refresh rate. Balanced performance for both work and casual entertainment with accurate IPS color reproduction.,Features a clean white design and built-in speakers. Ergonomically designed to reduce eye fatigue during extended periods of use.
MSILC0122,PRO MP275QPG,MSI,https://res.cloudinary.com/dvleiqhbw/image/upload/v1767800434/MSI/PRO_MP275QPG.webp,Avl,11000,11110,"27""",2560 x 1440,IPS,100Hz,1ms,Professional IPS monitor with WQHD resolution for sharp detail. The 100Hz refresh rate provides a smooth viewing experience for all professional tasks.,Includes a variety of productivity tools and customizable display settings. Compact base design saves desk space while maintaining stability.
MSILC0103,MAG 271QPX QDOLED E2,MSI,https://res.cloudinary.com/dvleiqhbw/image/upload/v1767800279/MSI/MAG_271QPX_QDOLED_E2.webp,Avl,45000,58199,"27""",2560 x 1440,QD-OLED,240Hz,0.03ms,Cutting-edge QD-OLED gaming monitor with stunning colors and near-infinite contrast. The 240Hz refresh rate and 0.03ms response time offer unparalleled speed.,Certified VESA DisplayHDR True Black 400 for deep ink-like blacks. Features MSI OLED Care 2.0 to protect the panel from burn-in issues.
MSILC0099,MPG341CQPX QD OLED,MSI,https://res.cloudinary.com/dvleiqhbw/image/upload/v1767800320/MSI/MPG341CQPX_QD_OLED.webp,Avl,78000,86699,"34""",3440 x 1440,QD-OLED,240Hz,0.03ms,Ultrawide QD-OLED masterpiece for ultimate immersion. The 34-inch curved display provides a massive field of view with vibrant colors and fast motion.,Top-tier gaming features including AI-powered Gaming Intelligence. USB-C 90W PD charging for a clean single-cable setup with high-end laptops.
MSILC0102,MAG341CQP QD OLED,MSI,https://res.cloudinary.com/dvleiqhbw/image/upload/v1767800302/MSI/MAG341CQP_QD_OLED.webp,Avl,58000,58580,"34""",3440 x 1440,QD-OLED,175Hz,0.03ms,Experience the hybrid power of Quantum Dot and OLED tech. This ultrawide monitor delivers incredible HDR performance and smooth 175Hz gameplay.,Ultra-fast 0.03ms GtG response time eliminates any trace of motion blur. Features premium graphene film for passive cooling and panel longevity.
MSILC0100,MAG321UPX QD OLED,MSI,https://res.cloudinary.com/dvleiqhbw/image/upload/v1767800301/MSI/MAG321UPX_QD_OLED.webp,Avl,85000,95899,"31.5""",3840 x 2160,QD-OLED,240Hz,0.03ms,The pinnacle of 4K gaming on a large 31.5-inch QD-OLED panel. Combining insane resolution with absolute speed for a truly next-gen experience.,Includes high-speed HDMI 2.1 ports for full 4K 120Hz support on consoles. Built with premium materials and advanced cooling for long-term usage.